year,kind,severity,magnitude_pv,colson_panofsky,brown1,temperature_gradient,horizontal_divergence,vertical_wind_shear,endlich,deformation,wind_speed,ngm2,negative_richardson,rva_magnitude,ubf,nva,brown2,vorticity_squared,ti1,ngm1,ti2,f2d,ncsu1,ensemble
1979,rate,light,0.0431185689986,0.00118891366154,0.0643239730248,0.0874951628471,0.0347418873899,0.0680080655727,0.0297793516132,0.0541527500119,0.0322222865036,0.0129544516112,0.00511369029976,0.0490577177542,0.021934952281,0.0459793904599,0.0805505160835,0.0587985300031,0.0699649946756,0.0523317537111,0.0653239626564,0.00483836547164,0.0320363364323,0.0435197914792
1979,rate,light_to_moderate,0.0176503875515,0.000445432447605,0.018129310808,0.0293314200627,0.0100020514318,0.0252087381932,0.00840140454308,0.0151532052799,0.00791930247646,0.00296993206616,0.000496692234502,0.015138267875,0.00416524577378,0.0144247717695,0.0285261223133,0.0136755405357,0.0243149282429,0.0160759790652,0.0229391297627,0.000740249375864,0.00943112581957,0.0135780589347
1979,rate,moderate,0.00935909953512,0.000278106912641,0.00703952906938,0.0128717699525,0.00424980296679,0.0126844484983,0.00356654608355,0.00600032020922,0.00296601736156,0.00109455372609,8.90895487212e-05,0.00660492675964,0.00117626100363,0.00633374052063,0.0134355309566,0.00518725357898,0.0112775752317,0.00724316276091,0.0107883397165,0.000193784716577,0.00399168379046,0.00602054966189
1979,rate,moderate_to_severe,0.00525759687629,0.000175356422433,0.00298505181835,0.00601287162995,0.00194932055708,0.00705823007236,0.00170594091637,0.00258362990094,0.00115643579547,0.000478040421718,2.82315364164e-05,0.00317051005737,0.000359598173914,0.00303361533226,0.00681354068083,0.00221224885015,0.00567088621244,0.0035649399519,0.00544557391434,6.2829010895e-05,0.00182721407049,0.00293103153343
1979,rate,severe,0.00287442110804,0.000111505986113,0.00119290936341,0.00267575891186,0.000824988296546,0.00380421406231,0.000819434082251,0.00107441620762,0.000484046041417,0.000208560832027,1.2009915423e-05,0.00150515533143,0.000102095264584,0.00142670661083,0.00340957326851,0.000893397117333,0.00279668973722,0.00171214206713,0.0026650800448,2.03308738657e-05,0.000786573774183,0.00140000042366
1979,finite,,1,1,1,1,1,1,1,1,1,1,1,1,1,1,1,1,1,1,1,1,1,2920
1980,rate,light,0.0661410797446,0.00250339888954,0.0668458180482,0.10478470084,0.0423499439838,0.0793307507542,0.0392114653774,0.0603336542288,0.0302618681832,0.0172289757374,0.0063510388341,0.0630107463685,0.0282392097332,0.0562478027683,0.0916566473216,0.0610491200457,0.079710525749,0.0585632891718,0.0743819405816,0.00715146993247,0.0347433281871,0.050956989261
1980,rate,light_to_moderate,0.0304158863787,0.0009688757003,0.0194992702984,0.0368222802182,0.0129688981207,0.0290590709698,0.0117791733727,0.018154450336,0.00629942006362,0.00440081554736,0.00102418074006,0.0216988458744,0.00582358851982,0.0196645971647,0.0320658514144,0.0143490453708,0.0277130425365,0.0188320659095,0.0264832214757,0.00166485168183,0.0105800189695,0.0166794024125
1980,rate,moderate,0.0172523995812,0.00052687058719,0.00810194049814,0.0171889855771,0.00575721990375,0.0143908848752,0.00517745302747,0.00768696934402,0.0019368213086,0.00170879733328,0.000275555908425,0.0102783588378,0.00174870265867,0.00939947755452,0.0151528110637,0.00557351377519,0.0130355209074,0.00846625651176,0.0127135087789,0.000579787121708,0.00458845716658,0.00769239487241
1980,rate,moderate_to_severe,0.0100890238728,0.000316779156911,0.00366682824607,0.00873280631738,0.00276867437355,0.00781080770009,0.00255387723162,0.00354198594384,0.000714115801506,0.000761292580661,9.53302176897e-05,0.0052944685713,0.000544920297416,0.00492628288901,0.0078017415591,0.00251056506564,0.00670456880987,0.00414217448741,0.00664282324837,0.000207110742829,0.00215236152223,0.00390373993501
1980,rate,severe,0.00568048670771,0.000193048579034,0.00159871460373,0.00429116139231,0.00125550164823,0.0041939711357,0.00125196448724,0.00155981333154,0.000313292401427,0.000346084268922,4.68383143352e-05,0.00265529377683,0.000142777766835,0.00252280817556,0.00392567410548,0.00108623906937,0.00334416812464,0.00197524830871,0.00340776554596,7.88726124727e-05,0.000934490853069,0.0019430578671
1980,finite,,1,1,1,1,1,1,1,1,1,1,1,1,1,1,1,1,1,1,1,1,1,2928
1981,rate,light,0.0542081530639,0.00229502858567,0.0688432382088,0.0964021817916,0.0396571271903,0.0716205614872,0.0365727631937,0.061050470438,0.0292229891509,0.0185311784165,0.00661812317761,0.0570819175653,0.0241318171083,0.0516286846172,0.0847340199064,0.066806440866,0.0750200333078,0.0542793681053,0.0698873094561,0.00720181618547,0.0375065883619,0.0482523719135
1981,rate,light_to_moderate,0.0227511152387,0.00095083754738,0.0200566328478,0.0329365944581,0.0119491109244,0.026544266993,0.0110884362092,0.0179813414735,0.0070113467663,0.0047961362757,0.0010055490478,0.0191946714599,0.00470705814071,0.0175117966748,0.0293976314991,0.0152256072182,0.025624934748,0.0171206640668,0.0241022160964,0.00158418231048,0.0119624853673,0.0154048864459
1981,rate,moderate,0.0124047463967,0.000496974040213,0.00803564193988,0.0146754377394,0.00519667791103,0.0133189447396,0.00488322822264,0.00734039461852,0.00264249522623,0.00185648457257,0.000350755406509,0.00890942009712,0.00131345639653,0.00822535886718,0.0139528202115,0.00561090314093,0.0119975616427,0.00777633829024,0.011395502666,0.000603521192144,0.00532831969885,0.00696738014364
1981,rate,moderate_to_severe,0.00706403350703,0.00025088954358,0.00345759484012,0.00700639302529,0.00245865005586,0.00731563763865,0.00232008159305,0.00325471464268,0.00104875492283,0.000804780386297,0.00015897538167,0.00451460155997,0.000381827832158,0.00421874064919,0.00724661675129,0.00234469807012,0.00614128287836,0.00390301075096,0.00588358857951,0.000243201383705,0.00253732500684,0.00345501899996
1981,rate,severe,0.00384661095925,0.000114398544977,0.00141186959877,0.00317120253095,0.00109781520464,0.00391669136956,0.00106894250783,0.00138201204109,0.000364936443757,0.000346513009568,6.13651612073e-05,0.00224486674655,9.09685813529e-05,0.0021214775181,0.00371783591606,0.000940595482064,0.0030425248291,0.00188747818432,0.00294116857433,9.04345270499e-05,0.00109285586486,0.00166440779026
1981,finite,,1,1,1,1,1,1,1,1,1,1,1,1,1,1,1,1,1,1,1,1,1,2920
1982,rate,light,0.0645386437465,0.0019318271726,0.0649121026348,0.105209934985,0.041794935821,0.0846814389548,0.0378076873907,0.0587968834212,0.0347800549354,0.0158334388671,0.00737550520385,0.0590807604784,0.0260420878243,0.0539045918535,0.0959567872858,0.0591693290384,0.0819522815085,0.0624405724939,0.0761151338852,0.00612791306512,0.0375129215143,0.0512364205752
1982,rate,light_to_moderate,0.0276691613705,0.000841022243008,0.0192729100462,0.039103437778,0.0127195167609,0.0341478524896,0.0122382168079,0.0177699501563,0.00756938337288,0.00410532118483,0.000915383663909,0.0194625337665,0.00522126046925,0.01807921001,0.0360869132813,0.0137005556637,0.0299500877392,0.020156488586,0.0284084839031,0.00110468260489,0.0117573334913,0.0171561764471
1982,rate,moderate,0.0151603915264,0.000545419260463,0.00803021410035,0.0185840385809,0.005557434143,0.0183462180133,0.00551307567511,0.0075555951467,0.00253997642894,0.00161824717246,0.000209413713087,0.00882756259409,0.00148880134227,0.00835709231119,0.0179174043662,0.00527896388397,0.0145880285472,0.00926793140741,0.0140229433776,0.000363475624064,0.00510113756187,0.00804158879888
1982,rate,moderate_to_severe,0.00879761026952,0.000379994170828,0.00364775882863,0.00941380162716,0.0026560764125,0.0107162489988,0.00264827715826,0.00350468960409,0.000921990141294,0.000715400812981,7.29444390421e-05,0.00435793677941,0.000434599269021,0.0041834126803,0.00967752755574,0.00230858598028,0.00771680346317,0.0047281062585,0.0075129420844,0.000155898727727,0.00239660652486,0.00414034341841
1982,rate,severe,0.00493095060834,0.000274977788935,0.00159023085135,0.00454628448804,0.00117968655849,0.00619220946991,0.00124117350878,0.00156020592709,0.000303924127619,0.000309765754215,3.98935227138e-05,0.00206956567521,0.00010495167682,0.00202271771593,0.00510827377661,0.000963306317069,0.00399300134381,0.00232491312732,0.00393029159253,7.30395439498e-05,0.00105406957469,0.00208635394997
1982,finite,,1,1,1,1,1,1,1,1,1,1,1,1,1,1,1,1,1,1,1,1,1,2920
1983,rate,light,0.0586582351859,0.00158193057785,0.0686041682377,0.101449833918,0.0383356786912,0.0765603301523,0.0369858520867,0.0618672035831,0.0257954058922,0.0187678372207,0.00548828023071,0.0547206853077,0.0220515685448,0.0502543109875,0.0894031230202,0.0695134543777,0.0768832227969,0.0511858580613,0.0722511274585,0.0055921759777,0.0338969128624,0.048564152151
1983,rate,light_to_moderate,0.0256601461596,0.000602299567109,0.0197693564397,0.0357698171013,0.0111268780455,0.0279969395757,0.0111879534062,0.0178224129919,0.0059414412581,0.00476069112433,0.000655495207382,0.0175227566495,0.00425905694191,0.0163102415933,0.0309501220678,0.0161060610591,0.0258595250004,0.0160053110094,0.0249539138243,0.00104114399914,0.0100544386912,0.0154455238911
1983,rate,moderate,0.0144635102889,0.000350638073687,0.00819884342266,0.0164033681589,0.00477704740045,0.0135868435357,0.00500571744248,0.00738166370224,0.00234311106308,0.00179297613638,0.000129793736161,0.00782652958809,0.00125607290128,0.00738652072646,0.0141353197206,0.0064062143776,0.0116857217236,0.00724034530528,0.0114295934981,0.000289061193893,0.00429338590321,0.00697058466184
1983,rate,moderate_to_severe,0.00859619896177,0.000217164799527,0.00380682733149,0.00799966734884,0.00223254270981,0.00719302828397,0.00246622692504,0.0034142016064,0.00113154395318,0.000773517273319,3.84597590623e-05,0.00380378851228,0.000401369155566,0.00364708917297,0.00702164212225,0.00298796784816,0.00582165631481,0.00362566947974,0.00570868915989,8.83703250529e-05,0.00198687835889,0.00347440473343
1983,rate,severe,0.00489885952054,0.000142633736952,0.00171175428007,0.00370027546782,0.000974166186915,0.00370697660595,0.00118270606714,0.00153400965872,0.000588984318667,0.000331853374562,1.69424491204e-05,0.0017756284535,0.000110825240748,0.00174948774659,0.00349639999495,0.00138739357567,0.00289230729775,0.00175954248171,0.00279130994753,3.36077274867e-05,0.000841743507245,0.00169654322094
1983,finite,,1,1,1,1,1,1,1,1,1,1,1,1,1,1,1,1,1,1,1,1,1,2920
1984,rate,light,0.0553761743328,0.00104605995951,0.0676385546188,0.0987162886363,0.039937003809,0.0777442564384,0.0355980397854,0.0592585142053,0.0332944277551,0.0147099592337,0.00506900862201,0.0543994731851,0.0246276160207,0.0497781187755,0.0894831369078,0.0641122604336,0.0781062318043,0.058159779493,0.0727762841467,0.00456317058032,0.0345391120997,0.0485206414687
1984,rate,light_to_moderate,0.024322074853,0.00042748553322,0.0188573012952,0.0355859782582,0.0118520548754,0.0295089902221,0.0109693248884,0.0167667693773,0.00767777276556,0.00344608219228,0.000470504619277,0.0172467616252,0.00473945231839,0.0160768223727,0.0322430763538,0.0144408362322,0.0272828225432,0.0179644956016,0.0260229218061,0.000764147689686,0.0104491979856,0.0155768987337
1984,rate,moderate,0.0136710363456,0.000251415899696,0.00746566249337,0.0166508088959,0.00510373088951,0.0148729255329,0.00474091420729,0.00668771327946,0.00341937502832,0.00126494648238,0.000107372293306,0.0076657563032,0.00132896203359,0.00728848657914,0.0153998892031,0.00537309085645,0.0126399681381,0.00782891913602,0.0124157574249,0.000227620563592,0.00435333205064,0.00708369922079
1984,rate,moderate_to_severe,0.00812728089161,0.000146744873342,0.00313757063689,0.00820474324183,0.0024018879115,0.00804646377481,0.00219595631175,0.00292410697908,0.0018562195918,0.000543304192122,3.42744872812e-05,0.0036878465508,0.000388450313009,0.00360670636666,0.00782472525079,0.0022836859399,0.00630873181661,0.00380405570759,0.0064060850889,7.65230390898e-05,0.0019397718466,0.00352119689581
1984,rate,severe,0.00471643198468,8.69780792552e-05,0.00126607446745,0.00379356822759,0.00104838515583,0.00421646173449,0.000984262142619,0.00122533084807,0.0010356220106,0.000225453822094,1.19451551145e-05,0.00169292269195,0.000100163008534,0.00171434706333,0.00384552992203,0.000970851518326,0.00305206012919,0.00182372483485,0.00322209742081,2.53746074971e-05,0.000757046291678,0.00170545862457
1984,finite,,1,1,1,1,1,1,1,1,1,1,1,1,1,1,1,1,1,1,1,1,1,2928
1985,rate,light,0.0667306154391,0.000972236069094,0.0673171164067,0.108941962137,0.0391608241704,0.0801607322612,0.0312995169483,0.0571666917681,0.0299234467495,0.0126026615258,0.00499403179891,0.0546781114335,0.0264431597678,0.0506880029272,0.0937211163812,0.0587099101372,0.0798581642319,0.0559438540387,0.0736847650877,0.00375755158896,0.0323058505036,0.0490028724462
1985,rate,light_to_moderate,0.0298598709138,0.000371254423674,0.0191271391389,0.0402246386094,0.0116606092268,0.0317348420356,0.00952544202207,0.0165831628456,0.00570834192507,0.00311535689722,0.00040773822198,0.0177090676254,0.00524157700197,0.0167706789099,0.0353184735258,0.0141780520512,0.0291543506441,0.0166599007956,0.0270434247374,0.000671075167722,0.0101072071299,0.0162462954214
1985,rate,moderate,0.0170074833647,0.000197978116733,0.00770022669469,0.0192592153489,0.00501440642438,0.0166463921109,0.0043118290487,0.00674248974272,0.00187040403655,0.00116766017062,8.22851237348e-05,0.00797411476586,0.00150354611105,0.00774179950615,0.0174357496326,0.00563268010693,0.0140816934642,0.00719528934842,0.0130731227595,0.000227775737472,0.00449140952692,0.00758845481627
1985,rate,moderate_to_severe,0.0101952232937,0.000107672242603,0.00336135012536,0.00974118413089,0.00233842576099,0.00949236528177,0.00208525655744,0.00300603740243,0.000633762435483,0.000498351083631,3.10624034502e-05,0.00392351663885,0.000447419872002,0.00389962865602,0.00927245121909,0.00248198629832,0.00735917436514,0.00336895926737,0.00680090076365,8.46305265892e-05,0.00214262900573,0.00387009463479
1985,rate,severe,0.00592657306432,6.544386245e-05,0.00142956742973,0.00471646240237,0.00100792314008,0.00531285340726,0.000952162568752,0.00132827579417,0.000207128721426,0.000208881613975,1.60889170843e-05,0.00187030205618,0.000110797882282,0.00189756446512,0.00481081720526,0.00102611566404,0.00370359874409,0.00155384626151,0.00344924509223,3.20520989215e-05,0.000947502489395,0.00193205728003
1985,finite,,1,1,1,1,1,1,1,1,1,1,1,1,1,1,1,1,1,1,1,1,1,2920
1986,rate,light,0.0614453410795,0.0021341353623,0.0709127846845,0.102070389979,0.0420405109621,0.0797910838618,0.0402522227812,0.0625870586239,0.040164941616,0.0181672937004,0.00674380023816,0.0644683095334,0.0271573894869,0.0582429718515,0.0930348279354,0.0660499264844,0.0802288170003,0.0677083150011,0.0742312510597,0.00767754939385,0.039560198424,0.0526032913838
1986,rate,light_to_moderate,0.026643849621,0.000756206368124,0.0208892647876,0.0377818129003,0.0126652224866,0.0309314935417,0.0126936016235,0.0185449811044,0.0111078973801,0.0045296136176,0.000812306764776,0.0217040256315,0.00536755521596,0.0199991279364,0.0336570697148,0.0158518572767,0.0282257389052,0.0219885858932,0.0266510246612,0.00162051756637,0.01273853985,0.0173885853737
1986,rate,moderate,0.0143309030243,0.000371523163625,0.00866672328045,0.0180754031058,0.0054556575881,0.0158682868824,0.00561507664506,0.00775342095014,0.00471539414579,0.00172076277604,0.000183408511748,0.0101199127035,0.00147013379176,0.00942150216294,0.0162011741506,0.00628859416647,0.0134169065271,0.0102787017454,0.01280048408,0.000537117440258,0.00576464058337,0.00805027273452
1986,rate,moderate_to_severe,0.00797228102008,0.000187082856594,0.00391665805388,0.00919836885628,0.00255094567605,0.0087393696621,0.00269577095244,0.00351452828198,0.00219979202287,0.000752310522231,5.70780476285e-05,0.00510326442439,0.000401722644652,0.00483258222646,0.00839637380929,0.00282271397994,0.00690400677726,0.00531423358714,0.00668888449531,0.000179912476073,0.00281741478796,0.00405929976955
1986,rate,severe,0.00430351781634,0.000102109398205,0.00166525750502,0.00444886529024,0.00112172147402,0.00469381565181,0.00124432658914,0.00153671588057,0.001010617225,0.000324070110509,2.81448635487e-05,0.00249481635321,8.5885293826e-05,0.00239790092416,0.00423025112921,0.00119970981482,0.00344410128724,0.00264760663282,0.00342118821693,6.30140144958e-05,0.0012930204535,0.00198841218689
1986,finite,,1,1,1,1,1,1,1,1,1,1,1,1,1,1,1,1,1,1,1,1,1,2920
1987,rate,light,0.0639923741154,0.00334338019115,0.0714662124357,0.100487214552,0.0408441343466,0.0790472602789,0.0369643600142,0.0628289391604,0.0316392549093,0.0172833386936,0.00941753224856,0.0591372646694,0.0260067371611,0.053327468176,0.0933516773619,0.0664658819045,0.0818800388504,0.0612394433569,0.07427190015,0.00796132426525,0.0371153461601,0.0513367182381
1987,rate,light_to_moderate,0.028607694185,0.00160284421387,0.021740816214,0.035397057962,0.0127041724097,0.0309469090429,0.0118454621334,0.0193971201743,0.0062063865097,0.00458017327922,0.00171108982784,0.0200837160325,0.00526137916137,0.018180305136,0.0350337693801,0.0163632578141,0.0306835197292,0.0206522828402,0.0280315123059,0.00174426449529,0.0119787819691,0.0172739292769
1987,rate,moderate,0.0158087741416,0.00105580751472,0.0091749281874,0.0160193791204,0.00564634899002,0.0164879893782,0.00543040594037,0.00835502277246,0.00174785663149,0.00179551663427,0.000550282491593,0.00947991207158,0.00152553702859,0.00860028893855,0.0176252685041,0.00639587424615,0.0153958842039,0.00982614042975,0.0141768603627,0.000593211989085,0.00543766363848,0.00814899777216
1987,rate,moderate_to_severe,0.00913177637938,0.000715461258895,0.0041900434096,0.00771338739733,0.00273785997179,0.00956795583425,0.00267961702864,0.00389048116938,0.000626083053297,0.000802076268582,0.000228942039455,0.00487378546014,0.000460012751685,0.00447363278224,0.00968945596678,0.0028421858315,0.00836918231217,0.00509261532198,0.00777910550854,0.000211682238527,0.0026671209445,0.00422583156803
1987,rate,severe,0.00508043262398,0.00049231385992,0.00185362965399,0.00357109667727,0.00124776836122,0.0054535186605,0.00128391252132,0.00176243071792,0.000254398952498,0.000342530042436,8.14427185384e-05,0.00243472528901,0.000112857660891,0.00227773637954,0.00528280371452,0.00124176228283,0.00446455559246,0.00258210301836,0.00419973980126,7.1974562494e-05,0.00121405317819,0.00215741839377
1987,finite,,1,1,1,1,1,1,1,1,1,1,1,1,1,1,1,1,1,1,1,1,1,2920
1988,rate,light,0.066617376077,0.00139931849086,0.0697968069836,0.105024707817,0.0407549877071,0.0812334982008,0.0389860206445,0.060806748341,0.0353194938623,0.0153303956428,0.00583407080796,0.0583380471922,0.0259013863293,0.0531153979843,0.0944553150345,0.0622464372669,0.0811821458359,0.0617603058681,0.0755073264757,0.00509130727648,0.0337288091524,0.0510680906186
1988,rate,light_to_moderate,0.0308708786167,0.00059854214332,0.0197775808657,0.0372524547271,0.0122139076301,0.0302995112756,0.0121067007018,0.0177565627092,0.00844376514693,0.00375732414031,0.000658249091223,0.0189823039907,0.00510186819459,0.0175602153549,0.0331517805001,0.0146327505498,0.0280924050466,0.0197517464035,0.0269214464361,0.000808085505448,0.0100461183277,0.0166087713027
1988,rate,moderate,0.0174174754722,0.000365662198008,0.00804542692979,0.0169840193915,0.00536402841534,0.0148712163015,0.00549891367597,0.00747805399865,0.00345022450565,0.00146222694823,0.000137135313357,0.0085067581291,0.0014661175964,0.00796708550533,0.0153162629399,0.00564546580417,0.013055742707,0.00893081631963,0.0127757152525,0.000233782201046,0.00425328176034,0.00758216244598
1988,rate,moderate_to_severe,0.0101094063092,0.000240783548269,0.00360665806734,0.00824950560293,0.00257134778181,0.00796131206984,0.0027140939233,0.00343819628644,0.00165159210678,0.000647643441893,4.95522370231e-05,0.00417671965993,0.000435696744187,0.00393612859518,0.00764202693637,0.00248873797789,0.00653528364389,0.00438620864441,0.0066141552092,9.29420185445e-05,0.00191660910125,0.00378402856694
1988,rate,severe,0.00558251243115,0.000156626804904,0.00155835997756,0.00381249568469,0.00114975269086,0.00415945558969,0.00129266305146,0.00152290920406,0.000802448269981,0.0002908859964,2.85099470376e-05,0.0019906220047,0.00011151436469,0.00189154860427,0.00371053481119,0.0010343962099,0.00315256897118,0.00204839544535,0.00337516323424,4.21774068221e-05,0.000780733820896,0.00183306069148
1988,finite,,1,1,1,1,1,1,1,1,1,1,1,1,1,1,1,1,1,1,1,1,1,2928
1989,rate,light,0.0606635887084,0.00148746798934,0.069443033529,0.101169266472,0.0402610863649,0.0780876947336,0.0374891228314,0.0607120651956,0.0410662568815,0.0161281940143,0.00519308689005,0.0559895834971,0.027350174475,0.0515612939554,0.0897804881174,0.0657610650585,0.0775424547335,0.0612514666103,0.0724742173141,0.0043815707698,0.0321259580067,0.0499961493404
1989,rate,light_to_moderate,0.0275258806223,0.0007593637475,0.0193356524094,0.0367147992066,0.0122176709814,0.0297746251113,0.0112602728993,0.0171351673769,0.0115128643584,0.00400982863299,0.000806433675871,0.0180416230411,0.00561824425632,0.0168388086957,0.0318828087984,0.0145615831926,0.0264771871661,0.0187113507876,0.0254798949615,0.000830318078204,0.00942778145081,0.01613915045
1989,rate,moderate,0.0151577799377,0.0004976485009,0.00783127693361,0.0172881720268,0.00542421193691,0.0151646063529,0.00498245304883,0.00706549731589,0.00533638747468,0.00154045150454,0.000299094113832,0.00813798839822,0.00169707244731,0.00767159229983,0.0149873195872,0.00558093947678,0.0122729634885,0.00824417651232,0.0121348957853,0.000314878808518,0.00399271939729,0.00741057739752
1989,rate,moderate_to_severe,0.00854388865635,0.000337575264667,0.00355625491988,0.00867507306966,0.00264078219842,0.00835434233685,0.0023969892675,0.00331386976919,0.00271632039169,0.000718602448523,0.000133462177217,0.0040107777567,0.000543799659313,0.00383023758159,0.00751873241603,0.00248021147929,0.00617258568962,0.00401782884013,0.00626399208992,0.000138644355809,0.00186148263937,0.0037250215718
1989,rate,severe,0.00463892780853,0.000232717050792,0.00163736172155,0.00417391322997,0.00124967532305,0.00447441327804,0.0011505898025,0.00155518236597,0.00119499450006,0.000342025995456,5.93234613017e-05,0.00193757196595,0.00015758795916,0.00186294820982,0.00369413816765,0.00108423747994,0.00306782947946,0.00192924638976,0.0032023243722,6.20402775685e-05,0.000814540394513,0.00183436139206
1989,finite,,1,1,1,1,1,1,1,1,1,1,1,1,1,1,1,1,1,1,1,1,1,2920
1990,rate,light,0.0738747222571,0.00207215275512,0.0699266146003,0.0977408047658,0.0379406489362,0.0731628644548,0.0353821456469,0.0608509624754,0.0399300474101,0.017393767158,0.00607910543584,0.0580408963329,0.0249607372521,0.0531034049456,0.0855925775379,0.0667473521911,0.0747499957782,0.0617752110386,0.0699920476145,0.00634706793988,0.0347935082682,0.050021744514
1990,rate,light_to_moderate,0.0343065666795,0.000715738082164,0.0211785615533,0.0360714915301,0.0111239704708,0.0290577690375,0.0109591220576,0.0185131221132,0.0108315568276,0.00463413975492,0.000766200600132,0.0189704753761,0.0047462294624,0.0175498632669,0.0317013962803,0.0159928225097,0.0268763961951,0.0197062672863,0.0252658382464,0.00124285140148,0.0107726374016,0.0167134769587
1990,rate,moderate,0.0197015610251,0.000385697858535,0.00914758514307,0.0173235416823,0.00475219833387,0.0152472715735,0.00488609956137,0.00802050073337,0.00450673446896,0.00189907700916,0.000190873414636,0.00863060788343,0.00131160935601,0.00807825162782,0.0155865628203,0.00657888211366,0.0130448650925,0.00924773813464,0.0120063229486,0.000386723129798,0.00472107667837,0.00788827526614
1990,rate,moderate_to_severe,0.0119139846172,0.000238500063911,0.00433914859358,0.00880916607864,0.00221031768037,0.00860378423461,0.00233748476048,0.00383553917385,0.00225043270925,0.000903360269535,6.18656062224e-05,0.00427571618675,0.000371535048646,0.00404105506134,0.00827101281276,0.00312058600303,0.00676303982929,0.00488744153451,0.00609798219931,0.000140174879844,0.00226962315121,0.00408294049973
1990,rate,severe,0.00698851115087,0.000157616059147,0.00203395361795,0.00421418607792,0.000964268281547,0.00469738792136,0.00105682439311,0.0017818078741,0.00110586806537,0.000425632492586,3.00806020054e-05,0.00204414993102,8.84300948157e-05,0.00197355744122,0.00417827878073,0.00142431164643,0.00338616527586,0.00258466043926,0.00301623068651,5.26901398978e-05,0.00102858719835,0.00205872372238
1990,finite,,1,1,1,1,1,1,1,1,1,1,1,1,1,1,1,1,1,1,1,1,1,2920
1991,rate,light,0.0682654971196,0.00149345643857,0.0726726414451,0.0997627043791,0.0416072751587,0.0779046809411,0.0357422165464,0.0634201351915,0.0369335637761,0.0176156564516,0.00666020284082,0.0621265921321,0.0273963761313,0.056517420943,0.0921102684755,0.0681455321293,0.0803007493189,0.0642312024918,0.0737769516292,0.00559120396452,0.0368493126219,0.0518630304822
1991,rate,light_to_moderate,0.0309918274231,0.000613055030364,0.0222285216625,0.0364303255282,0.0126284059401,0.0315665006004,0.0106825707854,0.0196545915403,0.00766980833667,0.00442309758982,0.000682150168953,0.0204827367383,0.00554891695473,0.0189036865467,0.0347282975212,0.0164027358718,0.0296479467977,0.021225126346,0.0271779116865,0.000875744062424,0.0115971151071,0.0173410034399
1991,rate,moderate,0.0173558308304,0.000391644642848,0.00949716354405,0.0169825010225,0.00546785322408,0.0171450806342,0.00463794279173,0.00849491598441,0.0022561776251,0.00173777458993,0.000127934714748,0.00933783621776,0.00160235214107,0.00870881962276,0.0175230926977,0.00665118624459,0.0147325839269,0.00991608305321,0.0133179410434,0.000260617331022,0.00514899102359,0.00815687251933
1991,rate,moderate_to_severe,0.0100742758938,0.000274351784761,0.00440963118696,0.00834432637378,0.00257206810868,0.0101642614663,0.0022423304529,0.00394226095796,0.000803506127412,0.000779940279509,4.15386674847e-05,0.00464831404504,0.000458318566327,0.00435763996397,0.00957570839609,0.00300431813975,0.0080032962045,0.00497374243655,0.00713373467879,9.80539397582e-05,0.00246309948754,0.00420784367419
1991,rate,severe,0.00565772010621,0.000191257859028,0.00194104175327,0.00387336113575,0.00115642540086,0.00582504667386,0.00106221911368,0.00174043363061,0.000346047321018,0.000347153204524,2.33425537671e-05,0.00224254158466,0.0001147774243,0.00211069203721,0.00514784402964,0.00131056315057,0.00426784894249,0.00241251371397,0.00374734075286,3.97122628706e-05,0.00108501594693,0.00212585231419
1991,finite,,1,1,1,1,1,1,1,1,1,1,1,1,1,1,1,1,1,1,1,1,1,2920
1992,rate,light,0.0730976420257,0.0010689266499,0.0678802461771,0.105516670292,0.0429111780515,0.0860594370972,0.0407391777764,0.0621152216395,0.0288871126848,0.0175699055384,0.0057339046217,0.0602011656149,0.0265095789286,0.0549239095516,0.0971351517394,0.0620069640062,0.0829791198804,0.0590919562042,0.0775192218597,0.00463374159855,0.0365491109206,0.0520537782313
1992,rate,light_to_moderate,0.0320134446793,0.000443350043197,0.0190831801,0.0390687222059,0.0130564329077,0.0347404618294,0.0126878233494,0.0178525898988,0.00595925569619,0.0042611298971,0.000495949910525,0.0198463903556,0.0051900557695,0.0183634661146,0.0362793797165,0.0139680218552,0.0299224777287,0.0179017359665,0.0284415427357,0.000668340277687,0.01095543433,0.017199961208
1992,rate,moderate,0.0170861283891,0.000271471658831,0.00771499969989,0.0184574555414,0.00572055226342,0.0182730210966,0.00561529927526,0.00738039328782,0.00168430607789,0.00161594262604,8.61409126882e-05,0.00909354158637,0.00147249757314,0.00854064434774,0.0176592146142,0.00541829112052,0.0143838497727,0.0077993296641,0.0137075274873,0.000188244343673,0.00470972131916,0.00794659869799
1992,rate,moderate_to_severe,0.0094470586227,0.000176845966351,0.00348526731801,0.00926047483459,0.00274030298731,0.0102227710554,0.00270319280559,0.00341656939288,0.000560074356417,0.00072987893065,2.78971745235e-05,0.00453085180402,0.000440212161392,0.00436110622364,0.00927161895472,0.00242772525372,0.00748241180032,0.00378567100843,0.00716602935287,7.42704022714e-05,0.00218710184092,0.00402368248794
1992,rate,severe,0.00499234063779,0.000113343476426,0.00153454675268,0.00444072704505,0.00122771044301,0.00555322363161,0.00123835067141,0.00153311041268,0.000164499248296,0.000332491070956,1.39985647946e-05,0.00217087520454,0.000109647774165,0.00216848691264,0.00476043124389,0.00102232092733,0.00380560867636,0.00178296348896,0.00367130272536,3.13576843661e-05,0.000928115618422,0.00198073581956
1992,finite,,1,1,1,1,1,1,1,1,1,1,1,1,1,1,1,1,1,1,1,1,1,2928
1993,rate,light,0.0605877736838,0.00203634546207,0.0778015632666,0.100739160595,0.0430438151427,0.0845899877475,0.0396978694195,0.0692271987385,0.0350627328101,0.0195558582279,0.00827355824316,0.0630705576167,0.027175655206,0.0569418062521,0.0992181077015,0.076129539814,0.0880856795082,0.0657523880166,0.0815837069747,0.00730415606125,0.0409581062409,0.0546112174633
1993,rate,light_to_moderate,0.0264930285663,0.000904140744121,0.0239616086299,0.03623823548,0.0129227008807,0.033665740695,0.0126025921531,0.0214719480113,0.00866323441278,0.00492145451609,0.000994717618631,0.0208906571857,0.00548700001101,0.019236547154,0.0378608129293,0.018292101384,0.0331168101052,0.0221566503,0.0306011021227,0.00121647277971,0.0132655084719,0.0183315744834
1993,rate,moderate,0.0147459005838,0.000583945146283,0.0103043415761,0.0168524612141,0.00559924522696,0.0176909817358,0.00570376522696,0.00924776094952,0.00344810424141,0.00187792602275,0.000199387883233,0.00951726379793,0.00160291123365,0.00892300120272,0.018917807224,0.00739476269236,0.0163473020952,0.0105905950547,0.0149562067501,0.000315805196622,0.00602972133789,0.00861186649486
1993,rate,moderate_to_severe,0.00862611715051,0.000389953239866,0.00481604860676,0.00832889747971,0.00264893849058,0.0100930508086,0.00283962910155,0.00431854391378,0.00145888313235,0.000818122504444,4.33719035844e-05,0.00472880013422,0.000489083667704,0.00449595845932,0.0101548776434,0.00341738485641,0.00862786717873,0.00550469425426,0.00783382908334,0.000102347360248,0.00302051114788,0.00441699571987
1993,rate,severe,0.00485975440862,0.000256758406986,0.00216286558646,0.00394278361527,0.00117154961374,0.00562508991948,0.00138685527116,0.00194481420531,0.000657577407173,0.000353850864862,2.05334974869e-05,0.00227062230133,0.000129295693784,0.00219917909428,0.00534374156824,0.00148636321869,0.00447301092056,0.00275328188589,0.00394840936335,4.07546423963e-05,0.00142041381912,0.00221178596687
1993,finite,,1,1,1,1,1,1,1,1,1,1,1,1,1,1,1,1,1,1,1,1,1,2920
1994,rate,light,0.0750513096409,0.00274743892309,0.0785588711945,0.101804038103,0.0439949103501,0.0829486095337,0.0394562287084,0.0677160279737,0.0492755870028,0.0197535236025,0.00912476569196,0.0651439698133,0.0280840493676,0.0583164861389,0.0977668770007,0.0734936645596,0.0874017137762,0.0775464064619,0.0794418995495,0.00808797306858,0.0414808074007,0.0565331027553
1994,rate,light_to_moderate,0.0344573464791,0.0010883204687,0.0226866932671,0.0373251198019,0.0136347956577,0.0350179565563,0.0132158348865,0.0206603236968,0.0137806800613,0.00499415551787,0.00119146821001,0.0220341876454,0.00563868546554,0.020075443572,0.0392676291578,0.0168280907794,0.0337042688046,0.0265843594986,0.0306315914369,0.00168992058161,0.0141164171726,0.0194582518437
1994,rate,moderate,0.0188432088875,0.00065971697641,0.00936697113385,0.0176604139807,0.00598285467708,0.0193302030324,0.00627202752617,0.00881103074693,0.0057584267693,0.00190524916045,0.000265131574624,0.0102344420309,0.00160522085557,0.00944533214115,0.0203422655435,0.00641800305129,0.0169541557504,0.0126485526263,0.0153667358603,0.000530490220939,0.00661634218306,0.00928651308233
1994,rate,moderate_to_severe,0.0104038996196,0.000419896017737,0.00431011756468,0.00887395212361,0.00287030040527,0.0113630095751,0.00325795773647,0.00417891350298,0.00253358281832,0.000817414419393,7.16702032426e-05,0.00515129929258,0.000465028956971,0.00481600932401,0.0112268006213,0.00281965554488,0.00916281980734,0.00671459410903,0.00829316746757,0.000161278611347,0.00328708579657,0.00481897397704
1994,rate,severe,0.00544088816397,0.000263320168472,0.00199104568731,0.00425597814207,0.00128290387473,0.00646269013622,0.00163042940684,0.00193504659056,0.00102799859399,0.000341332500341,2.25089016181e-05,0.00250729611151,0.000109166116847,0.00237905597095,0.00599245173285,0.00124798967286,0.00479840964739,0.00351958895993,0.00435996123948,5.1153605614e-05,0.00150194157372,0.00243434079987
1994,finite,,1,1,1,1,1,1,1,1,1,1,1,1,1,1,1,1,1,1,1,1,1,2920
1995,rate,light,0.0613299419639,0.00162842113187,0.0761397187444,0.0974001020129,0.0406416622263,0.07388972097,0.0377972159868,0.0661566689578,0.0301680435307,0.0180972682722,0.00560964616757,0.0584522937494,0.0254326565542,0.0531273097094,0.0879424941418,0.070300170298,0.0782509054909,0.0597919849135,0.0717349154759,0.00533112250215,0.0359266622417,0.0502451869067
1995,rate,light_to_moderate,0.027322102263,0.000601916028345,0.0230793938523,0.0349360049457,0.0122223383981,0.0284645593135,0.0116531477529,0.0196495658441,0.00753279996735,0.00452408645223,0.00064677064831,0.0194707427967,0.00498139251407,0.0179230824543,0.0321670438715,0.0183844644087,0.0279592117304,0.0188117254048,0.0257404114452,0.00101783315443,0.0111926554279,0.0165848213654
1995,rate,moderate,0.0151695463418,0.000349786177527,0.00969975279536,0.0162051955088,0.00526261834551,0.0148373971838,0.00521685216491,0.00815523966205,0.0027706976469,0.0017353477448,0.000171756372267,0.00900870498196,0.0013889604038,0.00841241493947,0.0155082863664,0.00791692970429,0.013157918622,0.00844969435435,0.012211118154,0.000332478594092,0.00503278059032,0.00766635603116
1995,rate,moderate_to_severe,0.0089172161849,0.000218294289902,0.00443632844609,0.00796910117375,0.00246313214179,0.00838061842652,0.00258552545128,0.00375944679219,0.00103390636294,0.000781958947324,5.70875381797e-05,0.00452907639217,0.000396013662961,0.00435136643361,0.00802825589143,0.00380837107659,0.00666698286685,0.00418240222044,0.00633933296005,0.000132365220123,0.00251141096079,0.00388324730666
1995,rate,severe,0.00506491204879,0.000146754686593,0.00197470568581,0.00371261170015,0.00107825060837,0.00463093542968,0.00125535167184,0.00173817806504,0.000363184200433,0.000358813599714,2.82930702132e-05,0.00220889567943,9.81985316134e-05,0.00219944365552,0.00403151631194,0.00180495463481,0.00328292290719,0.00204004731269,0.00322408391484,4.86880002785e-05,0.00117863766019,0.00192711330358
1995,finite,,1,1,1,1,1,1,1,1,1,1,1,1,1,1,1,1,1,1,1,1,1,2920
1996,rate,light,0.055686188085,0.00171902699689,0.0733432276546,0.0956886590471,0.038311909512,0.078296522575,0.0366169350902,0.0635953632231,0.035205172605,0.0159917110925,0.00661097100263,0.0537248100381,0.0239315079403,0.0488961610945,0.0916785704739,0.0693867192478,0.0812841856213,0.0625932242009,0.0747296074373,0.00524349359996,0.0372089229998,0.0499877566447
1996,rate,light_to_moderate,0.0235351583201,0.000792558765788,0.0226283605801,0.0339244661117,0.0115619694193,0.0310447810955,0.0112434962514,0.0195003561743,0.0112422048201,0.0039557466943,0.0008524542338,0.0172758752019,0.00460274832795,0.0159639376303,0.0356796707599,0.0169784810455,0.0308239034309,0.0210865835366,0.0282593260884,0.000895076904455,0.0118110407372,0.0168408664823
1996,rate,moderate,0.0128811871888,0.000517266435185,0.00972800837134,0.0157245439858,0.00503257614696,0.0160240182397,0.00509922095942,0.0084808348667,0.00559579469085,0.00156717916628,0.000251801866908,0.00775200505772,0.00127002253489,0.00730485072006,0.0178773941381,0.00701630930843,0.0153375701258,0.0101904574691,0.0139211699643,0.000305281583675,0.00525828841713,0.00795884672558
1996,rate,moderate_to_severe,0.0075339411581,0.00037118894748,0.00460324528127,0.00781517476529,0.00238691141809,0.00880154571542,0.00259412604174,0.00407649810056,0.00303144059081,0.000740493371598,8.33928587051e-05,0.00380901820735,0.000360601088469,0.00367074144885,0.00945840726305,0.00323166717888,0.00818404477878,0.00552604955461,0.00729792860369,0.000131393660879,0.00254641146562,0.00410734388092
1996,rate,severe,0.00431613938587,0.00027403914844,0.00215364108684,0.00372511422196,0.0010660590997,0.00472155712123,0.00135403573543,0.00193205782393,0.00161009356153,0.000351147607988,3.62666629787e-05,0.00180701558892,8.30526613732e-05,0.00180705434636,0.00488401285667,0.00144350011977,0.00424616514331,0.00298117918418,0.0037374070372,6.04155704037e-05,0.0011490151573,0.0020828080534
1996,finite,,1,1,1,1,1,1,1,1,1,1,1,1,1,1,1,1,1,1,1,1,1,2928
1997,rate,light,0.0703748627129,0.00229651357735,0.0790959228194,0.106417986672,0.0432784931014,0.0853512077153,0.0419755695403,0.0696023147338,0.0378229020319,0.0182426533054,0.00775971939179,0.0627531017415,0.0293246587507,0.0558250939393,0.100039402093,0.0731955957764,0.0888649653042,0.0677173573642,0.0803610717634,0.00661280786922,0.0389332687631,0.0555164509032
1997,rate,light_to_moderate,0.0328397351542,0.00108807222978,0.0262524093662,0.0398807354379,0.0137724696635,0.0352409991301,0.0140960376591,0.0230206127755,0.0100936185277,0.00499033691371,0.00117465507688,0.021605708115,0.00620003436179,0.0198030707426,0.0398515447401,0.0196723154254,0.0346665670461,0.0238332676752,0.031447929422,0.00137088076387,0.0130166609238,0.0197103648167
1997,rate,moderate,0.0185653146299,0.000741136122934,0.0118552695682,0.0194806338721,0.00616471347715,0.0188996057067,0.00664052534223,0.0104123018546,0.00453803688589,0.0020238056072,0.000356187444877,0.010143321806,0.00181713449743,0.00952015499904,0.0204775014643,0.0085076545545,0.0177750268492,0.0117545449985,0.0160462670005,0.000436820806907,0.00604837956204,0.00962877795477
1997,rate,moderate_to_severe,0.0110134030551,0.000515912765675,0.00570443377274,0.0101960124365,0.00295521128444,0.0108655692932,0.00336483614131,0.0050487715414,0.00238677336229,0.000929348639217,0.000115856049615,0.00517280149085,0.000552035525061,0.00496348708708,0.0112622688465,0.00408935492042,0.00970001647559,0.00639107395138,0.00875084574723,0.000163643410594,0.00301695007206,0.00510279075563
1997,rate,severe,0.00639863844742,0.000348665604774,0.00261079102972,0.00509839426261,0.00132136260037,0.00604934448167,0.00169126232922,0.00236122433064,0.0012779034757,0.00042634467527,4.1943161742e-05,0.00257039593098,0.000139183525343,0.0025026634722,0.0060305112015,0.00193507980369,0.00512837238711,0.00347563423464,0.00468146751306,6.6278931495e-05,0.0013826580667,0.00264467235552
1997,finite,,1,1,1,1,1,1,1,1,1,1,1,1,1,1,1,1,1,1,1,1,1,2920
1998,rate,light,0.0750767982346,0.00174815423826,0.0700319449597,0.0985326675069,0.0393606383369,0.0767536734822,0.0381080533962,0.061867030186,0.0337349897659,0.0157241848507,0.00654365851499,0.0598350941646,0.0254155644096,0.0541767463647,0.0908457920544,0.0639850857253,0.0791523736074,0.0647092457424,0.0721019848755,0.00599813662317,0.0364447623361,0.0509593609226
1998,rate,light_to_moderate,0.0342006975538,0.00061400612387,0.0218860069536,0.035312472576,0.012091693273,0.0305406999355,0.0120109763885,0.0192581132646,0.009567937219,0.00371519335601,0.000671102332606,0.0201464985919,0.00519037198083,0.018600584562,0.0341337859348,0.0153026803154,0.0291570668939,0.0225095193386,0.0266390249516,0.00114210115936,0.0118472198499,0.0173589405978
1998,rate,moderate,0.0192972388555,0.000322776487074,0.0095587885469,0.016237423149,0.00533251036433,0.0158442554985,0.00539393904224,0.00836148730924,0.00451426348572,0.00142670363359,0.000144125044546,0.00937502780018,0.00151368997849,0.00878338006707,0.0169248388313,0.00632540483613,0.0145117370031,0.0112216548333,0.0131447229954,0.000359006838057,0.00551923161638,0.00829105743886
1998,rate,moderate_to_severe,0.0112856090893,0.000181282210336,0.00456663209586,0.00799110740783,0.00255633922338,0.00873340761232,0.00260539742933,0.00397729374412,0.00240696695283,0.000641578219404,5.10416267656e-05,0.00480468347376,0.000434769074826,0.00454278272066,0.0091362631158,0.00307222473804,0.00783358749222,0.00612840115607,0.00693984760314,0.000125922991331,0.00285045576635,0.00432693303541
1998,rate,severe,0.00629398378416,0.000101944904266,0.00216034311278,0.00376817536734,0.00115339772001,0.00458651251917,0.00122377251388,0.00183377067928,0.00132405554497,0.000304858883466,2.22465151782e-05,0.00239644633116,0.000102995827661,0.00231331006654,0.00482549649366,0.00149383528092,0.00407537457174,0.00328901477713,0.00353478946432,4.74461676981e-05,0.00141274252571,0.00220307205005
1998,finite,,1,1,1,1,1,1,1,1,1,1,1,1,1,1,1,1,1,1,1,1,1,2920
1999,rate,light,0.0578312393754,0.00119421781254,0.0623772823835,0.104298217948,0.0359780184262,0.0769753302392,0.0351979510931,0.0531476638711,0.0295420127116,0.0119723932651,0.00474118884374,0.0486544269013,0.0220480278502,0.045704064079,0.0886004664366,0.0577081995095,0.0734622604617,0.0520816785459,0.0684976040371,0.00392635072882,0.0323665708185,0.0460145316828
1999,rate,light_to_moderate,0.0252546081085,0.00046126029277,0.017721818596,0.038526876125,0.0103226970776,0.0285014487376,0.0104118999075,0.015181551879,0.00685440437916,0.00301253811789,0.000508548959411,0.0151663562409,0.00425617035024,0.0144199214184,0.0315166129139,0.0129170086617,0.0254573619381,0.0157717062944,0.0242136569896,0.000722892330782,0.00978022804184,0.0148085508267
1999,rate,moderate,0.0139729866366,0.000251225031674,0.00731952209915,0.0181776476222,0.00437365796124,0.0141623299855,0.00462815338595,0.00641346505143,0.00277858383933,0.00118912336865,9.99446572248e-05,0.00664210595552,0.00119590644531,0.00644570257055,0.0147623082044,0.00514520338224,0.0117790003814,0.00710228580432,0.0113491656448,0.000212157096281,0.00428102927683,0.00677530973336
1999,rate,moderate_to_severe,0.00807449521057,0.000128889437467,0.00343563747513,0.00909516553623,0.00204963933941,0.00756538666212,0.00229681240311,0.00303177175536,0.00131377066592,0.000554192218909,2.67771097208e-05,0.00317476713851,0.00035063986592,0.00314184491689,0.00741756749565,0.00236855268814,0.00589513885249,0.00363280094642,0.00572146248407,7.19445561903e-05,0.00204526691056,0.00339964398423
1999,rate,severe,0.00450974002284,6.73509319601e-05,0.00157092436801,0.00428984167304,0.000907089109226,0.00392890929139,0.00111005268582,0.0014008728002,0.000571370365394,0.000253217846819,1.2589488226e-05,0.00146669967377,8.88610866825e-05,0.00148518052382,0.00358696830969,0.00107032708977,0.00284117235142,0.00183424078788,0.00277047397627,2.83063100937e-05,0.000909829620679,0.00165257230062
1999,finite,,1,1,1,1,1,1,1,1,1,1,1,1,1,1,1,1,1,1,1,1,1,2920
2000,rate,light,0.0550013062144,0.0019583211368,0.0662477836814,0.0949013434566,0.037229237685,0.0706880981268,0.0359692781743,0.0575964559425,0.037518102623,0.0170621250885,0.00616314682272,0.0534602735939,0.0251937295365,0.0490023544701,0.0842059781132,0.0622363828738,0.0732179629451,0.0590425036966,0.0669969175553,0.00576621566087,0.0343285852747,0.0473231477463
2000,rate,light_to_moderate,0.0228410867202,0.000807227946216,0.0188913297898,0.0336674418346,0.0114426342538,0.0270122789737,0.0115301694473,0.0169661886093,0.00988480993049,0.00438305521135,0.000865711632595,0.0170141180292,0.00521046260005,0.0160028429086,0.031225729777,0.0143108121146,0.0268431302048,0.0195607803884,0.0246081153257,0.00119405822398,0.0109306785985,0.0154853648819
2000,rate,moderate,0.0122560560813,0.000446057655862,0.00783762663507,0.0158213658407,0.00511205397578,0.0136861053245,0.0053647409398,0.00713565028585,0.00354741874394,0.00170538981409,0.00021486844932,0.0075562678506,0.00152396511157,0.00728458615597,0.0151136302095,0.00564871687835,0.0129686413769,0.00918656582202,0.0120644529486,0.00041506372024,0.00489955331685,0.00713279891128
2000,rate,moderate_to_severe,0.00704300734425,0.000251473632181,0.00356889650061,0.00786549468001,0.00251108387043,0.00736252714449,0.00273468877792,0.00329128871374,0.00131360033473,0.000774171884037,7.37882466124e-05,0.00366601861605,0.000449172925995,0.00362515564037,0.00778799826411,0.00253120299724,0.00666868042247,0.00468970630189,0.00638849116061,0.000163599279049,0.00235974962693,0.00357713316018
2000,rate,severe,0.00391262668008,0.00014601023542,0.00152967973994,0.00373189007199,0.00117662369688,0.00385689348003,0.00132459329881,0.00145514880359,0.000457993178714,0.00035070390775,4.08194313676e-05,0.00170707502959,0.000107781855611,0.00175999579064,0.0038601792594,0.0010721390025,0.00328591498379,0.00227753599694,0.0033102404283,6.78747286353e-05,0.00105810247899,0.00173761057519
2000,finite,,1,1,1,1,1,1,1,1,1,1,1,1,1,1,1,1,1,1,1,1,1,2928
2001,rate,light,0.0731127347628,0.000862829377154,0.0687685625906,0.104682660571,0.037606738112,0.0773041739006,0.0340607266497,0.0587549788912,0.0255716684651,0.0141581653893,0.0044455877681,0.0528058278046,0.0237240924792,0.0491985649866,0.0910827362368,0.0623812738106,0.0770048866265,0.0541384737299,0.070916722798,0.00377347976804,0.0336074000396,0.0484743945122
2001,rate,light_to_moderate,0.0322765166881,0.000331977701393,0.0200434328029,0.0382956887998,0.0112512556493,0.0299699304413,0.0105245315428,0.0173688389613,0.00464294032448,0.00332236517429,0.000376807907805,0.016567620947,0.00448769281225,0.0157766912685,0.0330846298479,0.0152558901299,0.0276589770648,0.0160742127836,0.0254300433626,0.000519910904666,0.0101604869165,0.0158771639062
2001,rate,moderate,0.0180228079416,0.000208717251614,0.00808269716232,0.0179092387411,0.00486072993782,0.0154942957434,0.00476078499048,0.00709270864383,0.00119060458308,0.00121245414318,5.3402096537e-05,0.00732081150644,0.00123865648912,0.00706853773834,0.016019635867,0.00637436653505,0.0130915274979,0.00686191252184,0.0119631645506,0.000128599219021,0.00429627336995,0.00729771078716
2001,rate,moderate_to_severe,0.0105314952108,0.000135398146661,0.00350381383979,0.00879865824968,0.00230093553665,0.00868962165583,0.00239407059044,0.00314606768016,0.000284050351674,0.000503632522274,1.58659009182e-05,0.003531373628,0.000350292056471,0.00345695936144,0.00831913498282,0.00291761315065,0.00661245430822,0.00319867683752,0.00607827474389,4.51348305989e-05,0.00196004944319,0.00365588442989
2001,rate,severe,0.00596293784292,8.01739762125e-05,0.00142701505706,0.00409524616087,0.000999620275523,0.00470750450876,0.00121626522025,0.00134231160385,7.0057928976e-05,0.000209596143288,8.40706377707e-06,0.00162778877221,8.29785258818e-05,0.00164596628125,0.00416420687424,0.00126399431715,0.00320994984658,0.00139340220626,0.0030381348758,1.76010377919e-05,0.000811186559808,0.00177973071802
2001,finite,,1,1,1,1,1,1,1,1,1,1,1,1,1,1,1,1,1,1,1,1,1,2920
2002,rate,light,0.0702488556757,0.00261981734251,0.0783415714452,0.111960345263,0.0433590625767,0.0909854132727,0.0437418522252,0.0684186290688,0.0378500172342,0.0173587289073,0.00849524974144,0.0662883403524,0.0293375024646,0.0591564834748,0.105654167656,0.0704833232373,0.0915646516945,0.0687481395228,0.0822884639053,0.00597410461245,0.0401170289214,0.0568091308854
2002,rate,light_to_moderate,0.0337016889066,0.00148607571933,0.024725302092,0.044248808091,0.0134927996658,0.0384091717658,0.0146239728892,0.0217317324934,0.0085940715701,0.00437320955003,0.00159356867312,0.0228751050642,0.00600986976176,0.020841651716,0.0427318252012,0.018194829212,0.0359287727542,0.0229545638528,0.0321963468464,0.00126769501648,0.0131481272348,0.020149008956
2002,rate,moderate,0.0204358180909,0.00105553547542,0.0109482384949,0.0220492398238,0.0059401518551,0.0206466909181,0.00697506657814,0.00957277807306,0.00340419435497,0.00174856460596,0.000511556347891,0.0108211271889,0.00174181712593,0.0100154893056,0.0219223724783,0.00783497746913,0.0181308046274,0.0109813922068,0.0162532543702,0.000470480448507,0.0059181319702,0.0098751277052
2002,rate,moderate_to_severe,0.0129079513742,0.000726706963432,0.00526214739614,0.0115525649077,0.00283409163693,0.0119252521981,0.00365146724121,0.00464135390542,0.0015782781989,0.000808477964695,0.000211898812864,0.00557632664775,0.000508025405188,0.00524745785761,0.0120237097506,0.00374995402814,0.0098030405427,0.00585712137328,0.00886875252075,0.000179334871389,0.00282850074173,0.00527344830184
2002,rate,severe,0.00785302466382,0.000488079003082,0.0024261224839,0.00573703504699,0.00127997633786,0.00676332898722,0.00188731651147,0.0021637310631,0.000719890123597,0.000384814033531,7.58622976294e-05,0.00277142613927,0.000121841646815,0.00268034346038,0.0064433762768,0.00171653847356,0.00519412914196,0.00314945638492,0.00476837045169,5.61792135186e-05,0.00123891026119,0.00275808342868
2002,finite,,1,1,1,1,1,1,1,1,1,1,1,1,1,1,1,1,1,1,1,1,1,2920
2003,rate,light,0.0714139756917,0.00398882724608,0.0807281559086,0.109054167877,0.0446243647347,0.0876795526481,0.0413512620549,0.0712580561875,0.0398654784334,0.0207398225767,0.00960216756372,0.0673216995578,0.0295253224004,0.0599439445124,0.10428376802,0.0756679292071,0.0914215588166,0.0735821373084,0.081734794472,0.00785858534112,0.043095509784,0.0578448133496
2003,rate,light_to_moderate,0.0322222386101,0.00198820049375,0.0241328506277,0.0421592399359,0.0140932455167,0.0359431354163,0.0136483413775,0.0216515931518,0.00975740473121,0.00568187402245,0.00207072511067,0.0230535819816,0.00618928391017,0.0209140685041,0.0410217259392,0.01817464548,0.0349548207725,0.0245852811336,0.0311919473388,0.00209086535508,0.0145500390333,0.0200035765925
2003,rate,moderate,0.01835067379,0.00125200978002,0.0100470934534,0.0208676586459,0.0062653174856,0.0191951685016,0.0063230312931,0.00916219408312,0.00352499757425,0.00234827537398,0.00079425103515,0.0107029848968,0.00180959169811,0.0098961085667,0.0208251948386,0.00712571443335,0.017350213133,0.0115965584447,0.0155031695508,0.000941277476545,0.00670696931295,0.00955183111275
2003,rate,moderate_to_severe,0.0109482579656,0.000819471861816,0.00467066056673,0.0109435912521,0.00301391998417,0.011053523332,0.00321813535036,0.00432121869785,0.00131320409717,0.00110329907314,0.00032436141523,0.00539575504918,0.000556602929227,0.00505279281547,0.0112525667231,0.00319263064441,0.00919105123957,0.00606403801662,0.00832468655246,0.000449258351306,0.0032853731352,0.00497592376442
2003,rate,severe,0.00631445689633,0.000562188239249,0.00214992297933,0.00546474282793,0.00137697414863,0.00621470385996,0.0016574862366,0.00202392823714,0.000515695251097,0.000504202719967,0.000142996013061,0.00262286779044,0.000142566941812,0.00251018179436,0.00590775541628,0.00141844239363,0.00473649033793,0.0031840083427,0.00442406240223,0.000209576258001,0.0015256309816,0.00255280381277
2003,finite,,1,1,1,1,1,1,1,1,1,1,1,1,1,1,1,1,1,1,1,1,1,2920
2004,rate,light,0.0704012359639,0.00214796533958,0.0702637869357,0.10826250951,0.0390523582716,0.0783421875187,0.0365279172969,0.0604963083275,0.0281647170186,0.0160113901065,0.00600129668606,0.0559578191883,0.0244715375899,0.0515667738585,0.0928633661374,0.0662918833354,0.0791318937763,0.053615744452,0.0727563353516,0.00533073614322,0.0352930155146,0.0501405132534
2004,rate,light_to_moderate,0.0307186098278,0.000783640386526,0.0206025889621,0.0405940312544,0.0115901686965,0.0299421628252,0.0113078965082,0.0182019001654,0.00607015761981,0.00435736661723,0.000833228890666,0.0182781476646,0.00464286010832,0.0169528068441,0.0335348426743,0.0157509241569,0.0277193049414,0.0163490852712,0.0256032934272,0.00132787958905,0.0108728846031,0.0164777990969
2004,rate,moderate,0.0173563682001,0.000384253239394,0.00878550004912,0.0193339126165,0.00494377951319,0.0151496753626,0.00503193770896,0.00778343852139,0.00223642840015,0.00176835270234,0.000232426142193,0.0083387263353,0.00126490096062,0.00784142043927,0.0158915904419,0.00647785778607,0.012956922205,0.00736988153259,0.0120009563624,0.000546412084925,0.00480874418663,0.00764302308527
2004,rate,moderate_to_severe,0.0104976337529,0.000203933001701,0.00411525898297,0.00965353123082,0.00230287650966,0.00824423541723,0.00248591944605,0.0036310165514,0.000948393387092,0.000816659209242,0.000106883030076,0.00417126963968,0.00036709591368,0.00396253424522,0.00813996980079,0.0030624500309,0.00659296253171,0.00372007453166,0.00604208390016,0.000236913938395,0.0023127250474,0.00388640095708
2004,rate,severe,0.00619499988424,0.000115029486719,0.00187561234401,0.00453813484458,0.00100794489808,0.00441606970405,0.00118975411593,0.00165638338357,0.000386111609077,0.000371061796443,4.86884157701e-05,0.0020327814795,9.37745794072e-05,0.00195477505958,0.0041539271205,0.00142024599432,0.00330683340962,0.00189170999487,0.00294200017489,8.99374840075e-05,0.00104771698842,0.00193969013179
2004,finite,,1,1,1,1,1,1,1,1,1,1,1,1,1,1,1,1,1,1,1,1,1,2928
2005,rate,light,0.0591164845449,0.00137349645105,0.0731137895972,0.0970363837675,0.0371520692031,0.0685317308572,0.038093558871,0.0628621965775,0.0238695511389,0.0156545896462,0.00559712314954,0.0542044731353,0.0234403934129,0.049905003492,0.0831337609694,0.0655755557388,0.0729515098725,0.053607031834,0.0666191968239,0.00403092776454,0.0334608503514,0.0471109370095
2005,rate,light_to_moderate,0.0271724849004,0.000639738685704,0.0227815398982,0.0360679725622,0.011387205521,0.0270865171832,0.0123942663079,0.0196198804131,0.00559594075135,0.00400990446936,0.000701428874993,0.0176316711512,0.00465178490949,0.0163052138294,0.0313758677308,0.0173991691369,0.0271760099434,0.0177327917121,0.0240780201637,0.000764523826252,0.0105916356053,0.0159601698846
2005,rate,moderate,0.016159734603,0.00042233840199,0.0101375356192,0.0173121757401,0.00509348754403,0.0144999064046,0.00581152945532,0.00865806426719,0.00218409589482,0.00159100659475,0.000153150661743,0.00807723754998,0.00133940386499,0.00753339723939,0.0160704066604,0.00745944466815,0.0136303792053,0.00835146897876,0.0118359499065,0.000243895173353,0.00480869563479,0.00768444305088
2005,rate,moderate_to_severe,0.0101773711139,0.000284591919024,0.00488184088622,0.0089228560117,0.0024718225615,0.00845975372983,0.00302758379604,0.00417149780127,0.000992747300926,0.00072001801859,4.26750528609e-05,0.00405886503888,0.000410610514324,0.00384114891961,0.00886059502468,0.00357712032506,0.0073696101295,0.00435387060065,0.00631049166986,8.40715632136e-05,0.00236714978375,0.0040660138934
2005,rate,severe,0.00621574943157,0.000195958509872,0.00227552834247,0.00437424676627,0.00112100567915,0.00476714006551,0.00153365784896,0.00194673919532,0.000432378667139,0.000327272652776,1.67976595487e-05,0.00198497557631,0.000112089036377,0.00192483553159,0.00477146528396,0.00167283497054,0.00389520163937,0.00227501590357,0.00332718667446,2.99940526095e-05,0.00108583183384,0.00210885263434
2005,finite,,1,1,1,1,1,1,1,1,1,1,1,1,1,1,1,1,1,1,1,1,1,2920
2006,rate,light,0.0631075555361,0.00217876981829,0.0715904557675,0.103068100897,0.0386609891661,0.0819429858039,0.0381448108849,0.0624713659431,0.033816279153,0.016336652032,0.00791666092151,0.0571175164479,0.026467954163,0.0522263449147,0.0949530862573,0.0655579795481,0.0819536937656,0.0621716137668,0.0741481145851,0.00567937700473,0.0358139361465,0.0512059163106
2006,rate,light_to_moderate,0.028506861561,0.00101038333913,0.0228496065376,0.0384326994099,0.011949247516,0.0333656167293,0.0127143147091,0.0203691661283,0.00792083222231,0.00440729681409,0.00110492477071,0.0188296734788,0.00546735374663,0.0175168821378,0.0369215916742,0.0164015981114,0.0315295079802,0.0212219156134,0.0281609004045,0.00112149896452,0.0116620720613,0.0176887592338
2006,rate,moderate,0.0170006240161,0.000631510206633,0.0103868844143,0.0181607318296,0.00526487696154,0.0180248663209,0.00604189707139,0.00919767836504,0.00329780653533,0.00184383864262,0.000225260981319,0.00860326216705,0.00158171838806,0.0081250166254,0.0191119226703,0.00704773574733,0.0161056085131,0.0102638431127,0.0140827420737,0.000394024035648,0.0053196766763,0.00860531073116
2006,rate,moderate_to_severe,0.0106765509693,0.00040224800916,0.00509109396644,0.00907344386658,0.00254186385559,0.0106394555758,0.0030876752547,0.00447518866167,0.00163287056902,0.000882032994508,6.09026665933e-05,0.00427230219554,0.000463344501715,0.00411851565607,0.0106954598291,0.00340942646834,0.0088822466058,0.00549417829902,0.00753758657757,0.000144534920406,0.0026454610551,0.00458220869038
2006,rate,severe,0.00647120945484,0.000265122113063,0.00240746876427,0.0043190626911,0.00116576058822,0.00612758302974,0.00156896836629,0.00210291650776,0.000829941952612,0.000413825771269,2.07428718301e-05,0.00204287890426,0.000116611297135,0.00201749529674,0.00580677910781,0.00161497143903,0.00478708568164,0.00294570711048,0.00391120474776,4.57882444859e-05,0.00122603376443,0.00239081703356
2006,finite,,1,1,1,1,1,1,1,1,1,1,1,1,1,1,1,1,1,1,1,1,1,2920
2007,rate,light,0.0674768363406,0.00117752307508,0.077154778671,0.109036938065,0.0419369236847,0.0810769679806,0.0375219490308,0.0675881148633,0.0335871417774,0.0156252028582,0.00536661463393,0.0618573623374,0.0286499355808,0.0561180401448,0.0973040893005,0.0707911672179,0.0851586126206,0.0629979458481,0.0771747415586,0.00420469668138,0.0371529509184,0.0532837396757
2007,rate,light_to_moderate,0.0313926771288,0.000563440323757,0.0230879103554,0.0426865782772,0.0130319603409,0.0326145315994,0.0115592696819,0.0202261556018,0.00943926899799,0.00370949265489,0.000619603352668,0.0205322197658,0.00617930163698,0.0190912063339,0.0373518532835,0.0174708066603,0.03139033023,0.0197351253065,0.0285046146411,0.000699027247456,0.0114469778245,0.0181586833926
2007,rate,moderate,0.0188298284194,0.000380555440222,0.00966420678859,0.0209198610694,0.00584204455696,0.0171139852366,0.00520822154771,0.00841663555803,0.00406841856861,0.00142872594107,0.000127615819537,0.00934957862251,0.00186913534559,0.00891949289903,0.018411549481,0.00717462585626,0.0152599969004,0.00880232467368,0.0138864678167,0.000205508168221,0.00495853160872,0.00861130049135
2007,rate,moderate_to_severe,0.0117770063087,0.000280747275454,0.00436724489165,0.0106888908188,0.00285926968027,0.00963096293845,0.00263043326022,0.00384053540954,0.0016879865716,0.000642386846548,3.92749230831e-05,0.00462023074758,0.000569505303222,0.00450824078968,0.00977129536759,0.00328311386804,0.00806998709411,0.00438553288639,0.00734405777064,7.45860824956e-05,0.002298102224,0.00444616147896
2007,rate,severe,0.00708588529632,0.000208456240302,0.0019040286806,0.00517307765309,0.00132481357154,0.00531182554759,0.00129893130315,0.00172163597986,0.000540924408577,0.00028595106174,1.72356899422e-05,0.00221561722891,0.000135543172185,0.00219287413308,0.00514529340038,0.00146736875531,0.00422150985721,0.00212457570839,0.00384389347175,3.30844365355e-05,0.000966411960804,0.00224852083606
2007,finite,,1,1,1,1,1,1,1,1,1,1,1,1,1,1,1,1,1,1,1,1,1,2920
2008,rate,light,0.0597610906537,0.00142025292145,0.0695807010968,0.0976749974068,0.0373747433274,0.0788334096467,0.0395875499279,0.061248211822,0.0300339590527,0.0160639836889,0.0058318029965,0.0535825711744,0.023435113367,0.0490772736551,0.0906657611302,0.0641776764977,0.0787148900764,0.0584830050069,0.0725468473237,0.00475141788919,0.0354754213291,0.0489676514281
2008,rate,light_to_moderate,0.0266756112344,0.00051561982881,0.0215905681646,0.0359452757721,0.011107432824,0.0322579676542,0.012705417353,0.0184538782887,0.00705539074057,0.00388877279867,0.000561452271584,0.0171328383615,0.004539965282,0.0160228913126,0.0348090371472,0.0152100115093,0.0293630405058,0.0183160576765,0.0267913329396,0.000873372936159,0.0109502431989,0.0164174370381
2008,rate,moderate,0.0151604043245,0.000311670946289,0.00948000202574,0.0172761750279,0.00473306510968,0.0173410531936,0.00585634772097,0.0079478324446,0.00256285066193,0.00150759982756,0.000135112886556,0.00762316707044,0.00125318168103,0.00728140698891,0.0176177805896,0.00655113207548,0.0145194032942,0.00831371708269,0.0130701751205,0.000288807132457,0.00476941061547,0.00779049027715
2008,rate,moderate_to_severe,0.009072262161,0.000209072777811,0.004511628472,0.00885594203244,0.00217149832918,0.00993650189436,0.00298280233581,0.0037549249305,0.00116433902896,0.000681929711122,4.58822186298e-05,0.00366974929745,0.000356850907698,0.00358545062324,0.00947657279509,0.00325403499172,0.00758012278996,0.00419226114319,0.00683031831857,0.000112490058064,0.00226890667834,0.00403397816644
2008,rate,severe,0.00525352236062,0.000143810801476,0.00209111578602,0.0043403960724,0.000928343040891,0.00544678364247,0.00148677193182,0.00173627411308,0.000545791013384,0.000305040819616,2.73484037401e-05,0.0017081065816,8.78174718478e-05,0.00168855153374,0.00488009809107,0.00157224599818,0.00377966463141,0.00204891299491,0.00342735291503,4.91620315904e-05,0.00100875453032,0.00202646975073
2008,finite,,1,1,1,1,1,1,1,1,1,1,1,1,1,1,1,1,1,1,1,1,1,2928
2009,rate,light,0.0736928574243,0.0017223640961,0.0706501500983,0.109545992027,0.0385098005841,0.0908853551478,0.0358323866241,0.0613362652368,0.0360269468556,0.0157683076608,0.00735193906172,0.0568041724531,0.0254636144183,0.0521043821381,0.103500681786,0.0611135893971,0.0865092359394,0.0647398030642,0.0786098714227,0.00540849819255,0.0361522084398,0.0529394486699
2009,rate,light_to_moderate,0.032345156022,0.000729876684305,0.0215961730011,0.0416682673997,0.0116432349753,0.0379211351447,0.0114928260993,0.018915084008,0.00962432182343,0.00399831800107,0.000813522230511,0.0188275083178,0.0052004458847,0.0175093722998,0.0411135301974,0.0150245073617,0.0334159642232,0.0216901800893,0.0300741279342,0.000887054656589,0.011625307627,0.0183864720943
2009,rate,moderate,0.0182631917368,0.000461905047034,0.00922626438605,0.0199280743556,0.00502100426619,0.0204238584729,0.00534311965325,0.00817161595226,0.00459433074362,0.00163642377472,0.000150845344016,0.00865711880189,0.0014798027362,0.00818547668766,0.0211734192179,0.00627837732871,0.0169423345004,0.0102084008618,0.0150227850534,0.000259756922238,0.00520568472364,0.0088873233603
2009,rate,moderate_to_severe,0.0110112114498,0.000302975386746,0.00436484365951,0.0100067811821,0.00236436499936,0.0119438061332,0.00272903110435,0.00388105672189,0.00256337633455,0.000772532318908,5.46467921182e-05,0.0043851433362,0.000414166517233,0.0041926506568,0.0116678476594,0.00295733511067,0.0091982229965,0.00532739543317,0.00807197282886,0.000103647459227,0.00253843369119,0.00470721151294
2009,rate,severe,0.00649970143775,0.000195277717342,0.00203414059396,0.00474366306511,0.00102530768476,0.006807009683,0.00136003643134,0.00183606543766,0.00152648087456,0.000365767675822,2.73091789115e-05,0.00214915765593,8.67171970636e-05,0.00210969196842,0.00626274575595,0.00135597099522,0.00483613829897,0.00275138855706,0.00420983795366,4.27251044853e-05,0.00113951980543,0.00244593586059
2009,finite,,1,1,1,1,1,1,1,1,1,1,1,1,1,1,1,1,1,1,1,1,1,2920
2010,rate,light,0.0660651140432,0.000980243623559,0.0739921696539,0.0996549462518,0.0363533016158,0.073985239867,0.0371516926135,0.0639194712454,0.0273910212866,0.0132098752572,0.00495216571373,0.0550452309543,0.0249445978443,0.0505554622805,0.0896969017552,0.0656790036063,0.0800035848717,0.0605242069571,0.0710331744216,0.00386863212488,0.0362101888938,0.0492960107086
2010,rate,light_to_moderate,0.0304773186308,0.000384995861714,0.0236854636087,0.0366784223436,0.01135936923,0.0280526131975,0.011909092733,0.0208161518528,0.00657476471516,0.00329790528681,0.000425585215266,0.0182961797385,0.00505986965583,0.0170949080602,0.0335817540097,0.0170022458645,0.02984604456,0.0204151120484,0.0265310656002,0.000641354861678,0.0115032391114,0.0168396883898
2010,rate,moderate,0.0179839293614,0.000233783437793,0.0105051008093,0.017459623071,0.00507880480606,0.0142465581709,0.00548690097273,0.00931781283243,0.00233719859948,0.00131353903924,7.95811231094e-05,0.00845120080833,0.00143891835313,0.0080785664442,0.0166309458821,0.00733630451829,0.0147335233243,0.00961464980404,0.0131680466815,0.000179297594864,0.00512462348672,0.00803804329148
2010,rate,moderate_to_severe,0.0111034294087,0.000144789733875,0.00509942731744,0.00885685284989,0.00247725066118,0.00786430583072,0.00277389977582,0.00452303923716,0.000880325941928,0.000611202144853,2.39548093668e-05,0.00426872783334,0.000412857806932,0.0041638485514,0.00894349546314,0.00355633924892,0.0079333772869,0.0049693587447,0.00702042436134,5.40327954556e-05,0.00243371967885,0.0041959361658
2010,rate,severe,0.00659030907386,9.02025360494e-05,0.00236981579856,0.00428199630389,0.00113646029247,0.00429179106414,0.00138976310437,0.00210228774124,0.000246059499467,0.000295642723969,9.45443897305e-06,0.00208349294575,0.000100416024222,0.00208060404827,0.00479258179376,0.00167751262725,0.00424600599791,0.00249537968731,0.0036144587361,1.76962088604e-05,0.00104837184951,0.00214096678552
2010,finite,,1,1,1,1,1,1,1,1,1,1,1,1,1,1,1,1,1,1,1,1,1,2920
2011,rate,light,0.0554628615599,0.000949247535762,0.065202524462,0.0973045743821,0.0356701247475,0.0772668658335,0.0396253698839,0.0565788472221,0.0358690254047,0.0118077421627,0.00556685523062,0.0560318806045,0.0237031437102,0.0523379126399,0.0881376183044,0.0579891125529,0.0752209192478,0.0582041465937,0.0691897462196,0.00332673549055,0.0325539402078,0.0475237711427
2011,rate,light_to_moderate,0.0237747789546,0.000497862524109,0.0195640552192,0.0351242108461,0.0103342824578,0.0308979638816,0.0126938310105,0.0170978784622,0.00996630664723,0.00275673291573,0.000560468902258,0.0174889652283,0.00436576740502,0.0168749252085,0.0328142603187,0.0133363664133,0.0274377432874,0.0184308959928,0.025235724637,0.000393344102493,0.00974193565621,0.0156851571462
2011,rate,moderate,0.0129301233647,0.000335682142701,0.00832543676509,0.0163770815795,0.00432586107416,0.0164941374231,0.00588553422526,0.00726325287745,0.00420595159323,0.00101921425281,9.21284381787e-05,0.00758667190932,0.00116505755734,0.00754818210673,0.0162222483838,0.00545745633963,0.0132598336807,0.00838937061551,0.0121783810477,7.43183625318e-05,0.00415171489625,0.0072994113636
2011,rate,moderate_to_severe,0.00740617025349,0.00022568950508,0.00387797576632,0.00810365205044,0.00195460663083,0.0093975780008,0.00299243033616,0.0033646779518,0.00192399928919,0.000435952209611,2.2963780645e-05,0.00358539784778,0.000325619502148,0.00364520172237,0.00866831585716,0.00259083534159,0.00690473596153,0.00421149337331,0.00624576059395,1.88210594391e-05,0.00192636989766,0.00370610699673
2011,rate,severe,0.00409123429104,0.000153255581497,0.00172307044135,0.00384014877002,0.000821472439626,0.0051480553123,0.00150744995128,0.00149938344013,0.000817278646177,0.000185450098917,3.40157749917e-06,0.00162775524335,8.14109127302e-05,0.00170500176554,0.00445533269236,0.00118990269071,0.00347103535717,0.00211212591769,0.00308766426439,5.96856390248e-06,0.000835215621216,0.00182674350376
2011,finite,,1,1,1,1,1,1,1,1,1,1,1,1,1,1,1,1,1,1,1,1,1,2920
2012,rate,light,0.0664985441468,0.000944800328701,0.0671681641171,0.110644225033,0.036461297407,0.078677387936,0.0389952136437,0.0592941610984,0.0182776103124,0.0142662535636,0.00523848901293,0.0540840581612,0.0217674243716,0.0500924291891,0.0915487702142,0.0673621267943,0.0771175246501,0.0505729389385,0.071708008373,0.00423007973184,0.0361810150633,0.0486252629565
2012,rate,light_to_moderate,0.0290202547198,0.000391325100077,0.0200997356329,0.041567327019,0.0106301642378,0.0309524451363,0.0122568001987,0.0177933512076,0.00289643793837,0.00346831340422,0.000432845156041,0.0172278146325,0.00412510548815,0.0162442946597,0.033866510085,0.0154998154785,0.0277266163894,0.015076235407,0.0255360961283,0.000655367911465,0.0112591655233,0.0160345724502
2012,rate,moderate,0.0161827228452,0.000234998759532,0.00852753308486,0.0196545169625,0.0044981718332,0.016492936138,0.00563666408318,0.00752621841761,0.00103592234911,0.00133353148242,9.57945958879e-05,0.00773381227087,0.00115839710517,0.00740797201384,0.0170027962192,0.00616751009028,0.0135446897044,0.00660014432563,0.0121645760489,0.000172432482837,0.00485738069569,0.00752517721468
2012,rate,moderate_to_severe,0.0094936869311,0.000147377396017,0.00400198791267,0.00978371652498,0.00209652237301,0.00960779233978,0.00288470195685,0.00351826497413,0.000460117085023,0.000610586047319,2.8213786126e-05,0.00383069878816,0.000339962772839,0.00371839219548,0.0093206396253,0.00290280097962,0.00718280749487,0.0032830094254,0.00623627759912,6.25690399341e-05,0.00221164981767,0.00389151309835
2012,rate,severe,0.00536644260322,9.3150743496e-05,0.00182197341522,0.00465466716054,0.000912288073993,0.00538276057254,0.00149327193735,0.00160651410917,0.000206454625394,0.000281842350295,1.50062240076e-05,0.00185557672051,9.25713521722e-05,0.00182667556522,0.00489210430929,0.00130330008292,0.00365096037032,0.00162546521761,0.00312290959868,2.57890169139e-05,0.000935662686115,0.00196025651119
2012,finite,,1,1,1,1,1,1,1,1,1,1,1,1,1,1,1,1,1,1,1,1,1,2928
2013,rate,light,0.0684903595702,0.00201903916232,0.0751728919914,0.0984091704214,0.0377457779192,0.0805508832761,0.0360204290932,0.0661675005867,0.0473939589317,0.0173247922272,0.00746952495031,0.0602387209544,0.02744538054,0.0546026578754,0.0940436043998,0.0690771271072,0.0835022132055,0.0695370406786,0.0756299454082,0.00589447309906,0.0374318640503,0.0530555883547
2013,rate,light_to_moderate,0.0311328360519,0.00092170835167,0.0240152458054,0.0367064425403,0.0112286715847,0.0333104012959,0.0113100814248,0.020937629932,0.0147210098877,0.00460797701908,0.00100125014411,0.0202300395836,0.00561869197735,0.0185587781823,0.0378082529352,0.0167246339976,0.0327632060561,0.0242563613833,0.0288578146659,0.00112636585283,0.012216331444,0.0184787490531
2013,rate,moderate,0.0187407338962,0.000584708417013,0.0104994428857,0.017877085156,0.00485594353937,0.0181031612388,0.0051767735027,0.00911562656506,0.00642976899073,0.00182393695707,0.000233648939787,0.00934777139355,0.00168036159434,0.00871046371524,0.0198494041452,0.00680675228225,0.0169547915151,0.0118723844158,0.014521477973,0.000349544045676,0.00546216205199,0.00899980682003
2013,rate,moderate_to_severe,0.0119184194455,0.000375865986527,0.00499595601679,0.00929069741233,0.0023110281213,0.0105552928833,0.00258396178036,0.00432707923007,0.00294043437542,0.000812845540833,7.08174958736e-05,0.00472195756127,0.000532213396411,0.00443734373593,0.0111751669362,0.00320523529413,0.00940157061453,0.0063583018894,0.00787245540493,0.00012351783049,0.00257140976763,0.00478959860568
2013,rate,severe,0.00732729577152,0.000243097799034,0.00228884291945,0.00458980051033,0.00104957811731,0.0060311013624,0.00124288881553,0.0019753387839,0.00135403086763,0.000370780073319,2.55027373928e-05,0.00231492849514,0.000144106538525,0.00220111623204,0.00608856003768,0.00145240917142,0.0050329325341,0.0033199574017,0.00417437685763,4.74036072678e-05,0.0010986111266,0.00249393617904
2013,finite,,1,1,1,1,1,1,1,1,1,1,1,1,1,1,1,1,1,1,1,1,1,2920
2014,rate,light,0.0739200964029,0.00324770837332,0.0818952544376,0.100459225037,0.0405681679948,0.0877603042587,0.0411103004821,0.0706825780715,0.0573973903992,0.0197786865734,0.0104414934838,0.0688381272138,0.0276439823861,0.0612464669659,0.101355072935,0.0790818401854,0.0899596618631,0.0806949235469,0.0816178769955,0.00819025485055,0.0423283347172,0.0584865593892
2014,rate,light_to_moderate,0.0324931892806,0.00154150287171,0.0264974968428,0.0375785807991,0.0124408366613,0.0376321032782,0.0139571157195,0.0230019744349,0.0158175851471,0.00524124826277,0.00166185775598,0.0236487733258,0.0056879642414,0.021357890282,0.0416822414465,0.0198262714994,0.0362538541454,0.0285522879237,0.032383315454,0.0017540194601,0.0142625686415,0.0206320322607
2014,rate,moderate,0.0184630001201,0.000970461198546,0.0119942812836,0.0179873031267,0.0054879004564,0.0207854852666,0.0067901633799,0.0104045916592,0.0061767964221,0.00215575456378,0.000431067855717,0.0111523949929,0.00169389658018,0.0102240050207,0.0222810569445,0.00844271299167,0.0190792427743,0.0141377842091,0.0167160730383,0.000623444123792,0.00654088709962,0.0101208715766
2014,rate,moderate_to_severe,0.0110870471482,0.00063838322151,0.005954017977,0.00917349896566,0.00267082939065,0.0123277237126,0.00362050459064,0.0051371572336,0.0029123018588,0.00101153757566,0.00016329461321,0.00569619747579,0.000524484177139,0.00534102992844,0.0127125604718,0.00418814399941,0.0107218756799,0.00779667693615,0.0092535839572,0.00026271926267,0.00321639798031,0.00544809362649
2014,rate,severe,0.0064695448239,0.000407119762556,0.00291200356885,0.00452184616857,0.0012280551086,0.00716959435184,0.00192825135123,0.00246288818173,0.00142443009746,0.000482339849674,8.16190415827e-05,0.00282339560111,0.000135170799096,0.00269977632865,0.00703592348458,0.00205777811018,0.00584066823491,0.00426226005769,0.00501837828122,0.000121729990828,0.00147234302909,0.00288357696302
2014,finite,,1,1,1,1,1,1,1,1,1,1,1,1,1,1,1,1,1,1,1,1,1,2920
2015,rate,light,0.0794729025837,0.00267747798348,0.080778718869,0.104484383178,0.0412240600067,0.0857895516856,0.0408371681742,0.0719970979967,0.0517075817702,0.0243163981419,0.00876735668962,0.0694837769789,0.0293162851452,0.0619678223334,0.101077333842,0.0761796589897,0.0891684242793,0.0812570248376,0.0800556689645,0.00810900139645,0.0426539794558,0.0586343653953
2015,rate,light_to_moderate,0.0359322712413,0.00115646918641,0.0263237504359,0.041479154607,0.0126748923475,0.0371807861181,0.0133935550722,0.0230139520366,0.0148720009661,0.00634867299045,0.00125424726792,0.0240610495723,0.00617330416069,0.0219768878906,0.0421054697311,0.0190361081107,0.035290084505,0.0291477070152,0.0310993878536,0.00168202879247,0.0147259085249,0.0209013184965
2015,rate,moderate,0.0207265737397,0.000702704365301,0.011837895443,0.0206807773917,0.00561352914009,0.0209232720384,0.00611626137375,0.0103559888871,0.00636004019889,0.00241662616142,0.000280839283583,0.0112263057342,0.0018183989798,0.0104652114862,0.0225786267558,0.00803503748876,0.0183995245056,0.0144931665832,0.0158473589601,0.000542080491376,0.00700478230912,0.0103059524437
2015,rate,moderate_to_severe,0.0126270415664,0.000453976619267,0.00583652028846,0.0107215723302,0.00271616767323,0.012624235104,0.00302967792624,0.00507239912655,0.00304061887079,0.00102910065108,8.35186796911e-05,0.00561523372705,0.00053787448406,0.00534672025657,0.0129413225602,0.00384130907112,0.0103209424857,0.00790373713659,0.00870079745087,0.000186013375875,0.00356928881406,0.00553324134276
2015,rate,severe,0.00750753231153,0.000292748307066,0.00277617325155,0.0051731618169,0.00123229211546,0.00733050309952,0.00149007745992,0.00239144103124,0.00153799435863,0.000427142348744,3.77032230591e-05,0.00269140683799,0.000134483289658,0.00261606264029,0.00716193610545,0.0018096612417,0.00564147901028,0.00420872637949,0.00463491286798,6.83112434399e-05,0.00165995640872,0.00289636692136
2015,finite,,1,1,1,1,1,1,1,1,1,1,1,1,1,1,1,1,1,1,1,1,1,2920
2016,rate,light,0.0789861471723,0.00319308530387,0.079881506475,0.103925391113,0.0432067534734,0.0857564996481,0.0450136608413,0.0698731071433,0.0499774211514,0.0209652573299,0.00923781162488,0.0730681552843,0.0293197269465,0.0643777744412,0.100781419488,0.0739916077649,0.0889134971593,0.0792601310728,0.0800173706656,0.00846097619647,0.043574760733,0.0586562886204
2016,rate,light_to_moderate,0.0355419619815,0.00133470377399,0.0252868120457,0.0390632070494,0.0133933809755,0.0355286836411,0.0149348652006,0.0222324766111,0.0152896721582,0.0053930157362,0.00142231918268,0.0257883172047,0.00613436178294,0.0232419311378,0.0399497571879,0.018246517845,0.0345656437204,0.0279234862331,0.0306355572413,0.00192303230199,0.0146624035389,0.0205948622167
2016,rate,moderate,0.0204591920276,0.000746373945895,0.0112637900411,0.0188414252538,0.0059773732446,0.0193292308869,0.00677353529991,0.00981796520714,0.00677615655965,0.00221604725709,0.000422585591178,0.0123555116423,0.00180456657027,0.0113885828497,0.0208739494958,0.00757176471257,0.0176702087204,0.0136998861182,0.0152938448316,0.000710092068882,0.00681092182403,0.0100382382928
2016,rate,moderate_to_severe,0.0123764566987,0.000415277766196,0.00540243526671,0.00968406347708,0.00290535682586,0.0112638836476,0.00332030934804,0.00470576053047,0.00321014979084,0.00104099096655,0.000172339605104,0.00642282576436,0.000551553657322,0.00603796123031,0.0116489910228,0.00360423341752,0.00958775604316,0.00743506166028,0.00815269546872,0.000280872051874,0.0034506831663,0.00531760273361
2016,rate,severe,0.00727902861041,0.000231328100877,0.00250093370919,0.00473363417645,0.0013324116978,0.0063772671707,0.00162961498564,0.00222488441223,0.00149669674954,0.000495097406216,7.53232093022e-05,0.00321895361606,0.000145884069273,0.00310298781903,0.00629596959309,0.00168758212661,0.00502371829572,0.00397995800827,0.00423641004644,0.000121524913546,0.00165592544572,0.0027545301982
2016,finite,,1,1,1,1,1,1,1,1,1,1,1,1,1,1,1,1,1,1,1,1,1,2928
2017,rate,light,0.0752602840278,0.00223870099153,0.0789170259834,0.111196965008,0.0426671376894,0.0845726600466,0.0403130872231,0.0686325509866,0.0317788377446,0.018919909556,0.00756040424777,0.0670879205645,0.027463197317,0.0602599585973,0.0996620534014,0.0733868523228,0.0869716712848,0.0668997964603,0.0794421016273,0.00664861525759,0.0405459910984,0.0557345581637
2017,rate,light_to_moderate,0.0324905004741,0.000938656698523,0.0245940438726,0.0431233944694,0.0127601008905,0.0348209972516,0.0125061859521,0.0215323210818,0.00606410331797,0.00500899695038,0.00100892288518,0.0226145323832,0.00540740001651,0.0206462577608,0.0395133418486,0.0182971459989,0.0333073343844,0.0215872747122,0.0302710964325,0.00139118732879,0.0129309537815,0.0190864165948
2017,rate,moderate,0.018460276896,0.000575186989645,0.0109752512102,0.0210953516479,0.00548669723774,0.018689723001,0.00553139598471,0.00952185935034,0.00217238888113,0.00201040598651,0.000289075897075,0.0104647989082,0.00153282651216,0.00964919115875,0.0203350407454,0.00761816983406,0.0166745528942,0.00993500210335,0.0149912882613,0.000472018829118,0.00570826285994,0.00915184596137
2017,rate,moderate_to_severe,0.011209113112,0.000366055904324,0.00528966541753,0.0108862919768,0.00257456436569,0.0108261153656,0.00259665712701,0.00459853256491,0.000938023327999,0.00091849673097,9.29059393092e-05,0.0052737869135,0.000447200691622,0.00492319478982,0.011154603556,0.00358010288489,0.00896626252795,0.00502362414506,0.00794923678888,0.000180455689412,0.00269478912452,0.00478522280684
2017,rate,severe,0.00663251018935,0.000223495453535,0.00245036978578,0.00531461019467,0.00113248345082,0.00606435177434,0.00117256489319,0.00213107631073,0.000401589606649,0.000418957812311,3.94069549982e-05,0.00258583159166,0.000109440407817,0.00245158862376,0.00595741115642,0.00163640616151,0.00472510165127,0.00249694287561,0.00408794717537,7.06807616742e-05,0.00115678324349,0.00244093095595
2017,finite,,1,1,1,1,1,1,1,1,1,1,1,1,1,1,1,1,1,1,1,1,1,2920
2018,rate,light,0.0692903846888,0.00317644839829,0.0863897829974,0.105895391246,0.045586197265,0.0928401484842,0.0448919160815,0.0761234093269,0.0541237701397,0.0202474633422,0.0114032032855,0.0757777839035,0.0334670222741,0.0660199416667,0.108798456125,0.0780124676135,0.0974640222662,0.0835635562014,0.0877569636473,0.00772240338185,0.0459396021079,0.0616423968782
2018,rate,light_to_moderate,0.0323595247648,0.00162767583096,0.027080533144,0.0423025406885,0.0143233277984,0.041407427183,0.0160695319488,0.0242408952512,0.0148151385422,0.00518064420984,0.00177983773023,0.0266904263413,0.00733239335076,0.0239779422226,0.0466004921301,0.01894937964,0.0398317724788,0.0299959100641,0.035603123635,0.00154050528065,0.0160240312301,0.022273002546
2018,rate,moderate,0.0194315650195,0.00110210895982,0.0118771499058,0.0214365621617,0.00634896989042,0.0233155375579,0.00782395513446,0.0105447410325,0.00578952850706,0.00207550469759,0.000409460789327,0.0126119344081,0.00224167095913,0.0116072562385,0.0249621487713,0.0078786100207,0.0208373108671,0.01463915728,0.0185452178537,0.000514503900114,0.00747434210053,0.011022249336
2018,rate,moderate_to_severe,0.0122273188088,0.000766017911376,0.00560475921895,0.0114088179669,0.0030230834113,0.0140084351706,0.00406834415469,0.00501251676165,0.00260784277416,0.000938347550642,0.000114743472567,0.00640805059182,0.000715257507479,0.00605174828348,0.0141509976982,0.00380880796653,0.0116004536063,0.00770887648377,0.0102936627875,0.000176882723601,0.00363352388886,0.00592040422567
2018,rate,severe,0.00748217593539,0.000532958301953,0.00262776122562,0.00572764682611,0.00133417435609,0.00817959118012,0.0020268435512,0.00234743599086,0.00117015287094,0.000428990474799,3.70479723393e-05,0.00314442417533,0.000194622538177,0.00304513716938,0.00780425663398,0.0018005279443,0.00623792723466,0.00393283025274,0.00555161743934,5.83746435464e-05,0.00159428038179,0.00310756081422
2018,finite,,1,1,1,1,1,1,1,1,1,1,1,1,1,1,1,1,1,1,1,1,1,2920
2019,rate,light,0.0893678297814,0.00260777435715,0.0843536325614,0.116536013035,0.0457037096818,0.0966188135314,0.0442563714707,0.072950754541,0.0397685992741,0.0213355494817,0.00982399288033,0.0774841817986,0.0317892293197,0.0681642883113,0.111761480784,0.0791892657245,0.0969635579829,0.0790171731319,0.0871226003238,0.00819659866817,0.0457643768335,0.0623226568321
2019,rate,light_to_moderate,0.0420401649977,0.00106934553148,0.0265997506899,0.0476381823832,0.0139513787643,0.0424088266106,0.0150535174385,0.0229102974185,0.00945391798137,0.00541623034051,0.00117926293394,0.0269204555748,0.00653345248764,0.0246666916534,0.0471635311846,0.0202150999576,0.0394462477764,0.0264932336043,0.0346538684497,0.00161857218294,0.0154825036641,0.022424501506
2019,rate,moderate,0.0251867725708,0.000643201933111,0.0114574692003,0.0240894439691,0.00597747641591,0.0239386954783,0.00712740955997,0.00983368664228,0.00360391318497,0.00213324993445,0.000248169930737,0.0124704511972,0.0018873935595,0.0117996937719,0.0255338193732,0.00853582684027,0.0205309341601,0.0122607688469,0.0175678176779,0.000497721220907,0.00716711047917,0.0110710012356
2019,rate,moderate_to_severe,0.0159783464127,0.000401232676797,0.00534002771102,0.0126833898361,0.00275410740496,0.0143390705727,0.00369307419551,0.00462889757158,0.00147427799584,0.00096352453778,7.64874928408e-05,0.0062113303561,0.000547000803679,0.00605833199817,0.0145885726107,0.0040868351556,0.0113510098547,0.00622369932844,0.00951109107261,0.00015478426447,0.0035191245498,0.00593258173343
2019,rate,severe,0.00987987907759,0.000254141409238,0.00241084451024,0.00622342387484,0.00118064795277,0.00824345441139,0.0018578757988,0.00211155478576,0.000570003588428,0.000427160634542,2.94343844663e-05,0.00297935841751,0.000131006988643,0.00300620814756,0.0080138111997,0.00192628463677,0.00608163283591,0.00314342135215,0.00497964227936,5.55760654634e-05,0.00155837314885,0.00309827311905
2019,finite,,1,1,1,1,1,1,1,1,1,1,1,1,1,1,1,1,1,1,1,1,1,2920
2020,rate,light,0.0801898646141,0.00237378607314,0.080369495173,0.103459586537,0.0422870111101,0.0857149964381,0.0460538158908,0.0709329171109,0.0446849861392,0.0211509930333,0.00889650051051,0.0691741697604,0.0285149281209,0.0610082359973,0.100023261596,0.0794554682337,0.0893695765219,0.0763300501632,0.0805891621728,0.00729226821596,0.0434164733223,0.0581565498445
2020,rate,light_to_moderate,0.0373957002301,0.000953587750868,0.0255156675587,0.0396375080239,0.0129526272837,0.0358852758434,0.0149563275985,0.0223199190346,0.012604053568,0.00562426736101,0.0010459189384,0.0242205484127,0.00570051207677,0.0218390120522,0.0399457290009,0.01915756141,0.0344496209709,0.0271307424743,0.0310805644274,0.0015731589043,0.0146900030625,0.0204132526659
2020,rate,moderate,0.0219004876475,0.00053719537799,0.0112295650166,0.0194247829859,0.00563738275402,0.0195134437509,0.00678539775825,0.00970647663784,0.0055643857623,0.00215853712881,0.000236925952785,0.0115073893243,0.00160067503506,0.0105989037799,0.0208682294192,0.00795847928779,0.0176956535827,0.0135047851757,0.0156947648854,0.000508864827661,0.00673607069257,0.00996992365635
2020,rate,moderate_to_severe,0.0133844848632,0.000318723401764,0.0053516975332,0.0100798759004,0.00269492882547,0.011505413268,0.00341267789093,0.00459494297467,0.00280987394464,0.000931474688298,8.1007731152e-05,0.00593698488102,0.000451061964699,0.00554075785744,0.0117352963336,0.00386211547025,0.00979577645751,0.00738573170155,0.0085502778846,0.000163601708144,0.00327380335606,0.00532669088746
2020,rate,severe,0.00788129808206,0.000202643118847,0.00245151585278,0.0049625131631,0.00120241725561,0.0066417353763,0.00169022815213,0.00209097670813,0.00149621915699,0.000395721746886,3.58972964671e-05,0.00297637525495,0.000104962841153,0.00282489284082,0.0064616295088,0.00179782646671,0.00523687705204,0.0040116642854,0.00454833181664,5.68922695091e-05,0.00146562518479,0.00278744016334
2020,finite,,1,1,1,1,1,1,1,1,1,1,1,1,1,1,1,1,1,1,1,1,1,2928
