severity,diagnostic,panel,uses_stencil,level_ours_pct,level_his_pct,level_ratio,na_share_ours,na_share_his,change_ours,ci_lo,ci_hi,t_ours,rel_his,p_his,his_inside_our_ci,sig_ours,sig_his,sig_agree
LOG,negative_richardson,a,1,0.567924,0.37,1.53493,0.189308,0.123333,0.443855,0.145733,0.741977,3.0089,0.157,0.3,1,1,0,0
LOG,vertical_wind_shear,b,1,7.56787,8.5,0.890338,2.52262,2.83333,0.13182,0.052924,0.210715,3.3767,0.158,4e-05,1,1,1,1
LOG,colson_panofsky,c,1,0.164332,0.81,0.202879,0.0547773,0.27,0.368803,-0.114171,0.851776,1.5433,0.326,0.006,1,0,1,0
LOG,f2d,d,1,0.553398,0.57,0.970874,0.184466,0.19,0.135193,-0.152382,0.422768,0.9501,0.135,0.2,1,0,0,1
LOG,brown1,e,0,6.67838,6.6,1.01188,2.22613,2.2,0.180806,0.10553,0.256082,4.8543,0.185,2e-05,1,1,1,1
LOG,brown2,f,1,8.8256,9.4,0.938894,2.94187,3.13333,0.137499,0.066143,0.208855,3.8943,0.167,1e-05,1,1,1,1
LOG,ti1,g,1,7.63625,8.2,0.93125,2.54542,2.73333,0.150859,0.073943,0.227775,3.9639,0.166,4e-05,1,1,1,1
LOG,ti2,h,1,7.12625,7.55,0.943874,2.37542,2.51667,0.110641,0.040643,0.180639,3.1945,0.127,0.0002,1,1,1,1
LOG,deformation,i,0,5.8714,5.75,1.02111,1.95713,1.91667,0.170687,0.090758,0.250615,4.3158,0.175,0.0001,1,1,1,1
LOG,magnitude_pv,j,1,5.8499,8.1,0.72221,1.94997,2.7,0.27843,0.145055,0.411804,4.219,0.223,0.001,1,1,1,1
LOG,vorticity_squared,k,0,6.22022,6.35,0.979562,2.07341,2.11667,0.17682,0.086469,0.267171,3.9552,0.193,0.0003,1,1,1,1
LOG,temperature_gradient,l,0,9.93246,10.7,0.928267,3.31082,3.56667,0.069619,0.013869,0.125369,2.5238,0.066,0.02,1,1,1,1
LOG,wind_speed,m,0,3.07954,2.95,1.04391,1.02651,0.983333,0.327072,0.056342,0.597803,2.4416,0.319,0.03,1,1,1,1
LOG,endlich,n,1,3.52964,5.25,0.672312,1.17655,1.75,0.181203,0.095967,0.26644,4.2964,0.141,0.0002,1,1,1,1
LOG,ngm1,o,0,5.58076,5.6,0.996565,1.86025,1.86667,0.284328,0.139557,0.429098,3.9692,0.269,0.0005,1,1,1,1
LOG,ngm2,p,1,1.56848,1.9,0.825514,0.522826,0.633333,0.178506,0.002093,0.354919,2.045,0.239,0.002,1,1,1,1
LOG,ubf,q,0,2.47095,6.3,0.392214,0.82365,2.1,0.129988,0.024185,0.23579,2.483,0.184,9e-05,1,1,1,1
LOG,horizontal_divergence,r,0,3.96961,4.1,0.968197,1.3232,1.36667,0.02722,-0.047654,0.102093,0.7347,0.033,0.4,1,0,0,1
LOG,ncsu1,s,1,3.39281,2.75,1.23375,1.13094,0.916667,0.200286,0.099142,0.30143,4.002,0.207,0.0009,1,1,1,1
LOG,nva,t,0,5.03084,4.95,1.01633,1.67695,1.65,0.16871,0.071741,0.26568,3.5162,0.161,0.002,1,1,1,1
LOG,rva_magnitude,u,0,5.47608,5.4,1.01409,1.82536,1.8,0.198025,0.081705,0.314346,3.4406,0.19,0.002,1,1,1,1
MOG,negative_richardson,a,1,0.01925,0.039,0.49359,0.048125,0.0975,0.405708,-0.413941,1.22536,1.0003,-0.075,0.6,1,0,0,1
MOG,vertical_wind_shear,b,1,1.42871,1.68,0.850425,3.57178,4.2,0.390097,0.234725,0.545468,5.0742,0.384,8e-07,1,1,1,1
MOG,colson_panofsky,c,1,0.039273,0.285,0.1378,0.0981825,0.7125,0.623095,-0.056876,1.30307,1.852,0.454,0.002,1,0,1,0
MOG,f2d,d,1,0.033932,0.055,0.616945,0.08483,0.1375,0.249554,-0.307171,0.806278,0.9059,0.003,1,1,0,0,1
MOG,brown1,e,0,0.770655,0.7,1.10094,1.92664,1.75,0.444252,0.30583,0.582674,6.4862,0.454,2e-07,1,1,1,1
MOG,brown2,f,1,1.46402,1.6,0.915014,3.66006,4,0.460391,0.304168,0.616613,5.9559,0.462,5e-08,1,1,1,1
MOG,ti1,g,1,1.23238,1.4,0.880271,3.08095,3.5,0.441301,0.284172,0.59843,5.676,0.423,3e-07,1,1,1,1
MOG,ti2,h,1,1.19805,1.37,0.874488,2.99512,3.425,0.289939,0.155548,0.424329,4.3602,0.27,3e-05,1,1,1,1
MOG,deformation,i,0,0.704201,0.7,1.006,1.7605,1.75,0.369265,0.234155,0.504374,5.5235,0.375,6e-06,1,1,1,1
MOG,magnitude_pv,j,1,1.40185,1.62,0.865338,3.50462,4.05,0.41842,0.236442,0.600397,4.6469,0.506,4e-07,1,1,1,1
MOG,vorticity_squared,k,0,0.55913,0.47,1.18964,1.39782,1.175,0.385745,0.24037,0.531121,5.3626,0.371,2e-05,1,1,1,1
MOG,temperature_gradient,l,0,1.59677,1.75,0.912441,3.99193,4.375,0.271263,0.159,0.383526,4.8834,0.26,2e-05,1,1,1,1
MOG,wind_speed,m,0,0.264026,0.28,0.94295,0.660065,0.7,0.739307,0.156084,1.32253,2.5619,0.756,0.02,1,1,1,1
MOG,endlich,n,1,0.470174,0.92,0.511059,1.17544,2.3,0.376728,0.230931,0.522526,5.2221,0.277,2e-05,1,1,1,1
MOG,ngm1,o,0,0.778751,0.83,0.938254,1.94688,2.075,0.521145,0.265882,0.776408,4.1261,0.509,0.0003,1,1,1,1
MOG,ngm2,p,1,0.149307,0.24,0.622112,0.373267,0.6,0.278711,0.052139,0.505284,2.4861,0.338,0.001,1,1,1,1
MOG,ubf,q,0,0.138234,0.72,0.191992,0.345585,1.8,0.200528,0.026725,0.374331,2.3318,0.316,6e-05,1,1,1,1
MOG,horizontal_divergence,r,0,0.518589,0.54,0.96035,1.29647,1.35,0.053189,-0.053265,0.159644,1.0098,0.067,0.2,1,0,0,1
MOG,ncsu1,s,1,0.446386,0.07,6.37694,1.11596,0.175,0.386272,0.200302,0.572242,4.1977,0.043,0.7,0,1,0,0
MOG,nva,t,0,0.753625,0.72,1.0467,1.88406,1.8,0.288524,0.123508,0.453539,3.5336,0.284,0.001,1,1,1,1
MOG,rva_magnitude,u,0,0.801821,0.83,0.966049,2.00455,2.075,0.292548,0.111125,0.47397,3.2589,0.29,0.003,1,1,1,1
SOG,negative_richardson,a,1,0.003211,0.0125,0.25688,0.03211,0.125,0.180348,-0.693032,1.05373,0.4173,-0.139,0.3,1,0,0,1
SOG,vertical_wind_shear,b,1,0.417119,0.47,0.887487,4.17119,4.7,0.597002,0.363943,0.830062,5.177,0.549,6e-07,1,1,1,1
SOG,colson_panofsky,c,1,0.016003,0.13,0.1231,0.16003,1.3,0.683452,-0.133704,1.50061,1.6903,0.551,0.002,1,0,1,0
SOG,f2d,d,1,0.004941,0.013,0.380077,0.04941,0.13,0.266199,-0.482222,1.01462,0.7188,0.001,1,1,0,0,1
SOG,brown1,e,0,0.145703,0.145,1.00485,1.45703,1.45,0.729093,0.516379,0.941807,6.9271,0.712,1e-07,1,1,1,1
SOG,brown2,f,1,0.369562,0.42,0.87991,3.69562,4.2,0.762196,0.517834,1.00656,6.3038,0.689,3e-08,1,1,1,1
SOG,ti1,g,1,0.307369,0.37,0.830727,3.07369,3.7,0.691034,0.452049,0.930018,5.8438,0.585,6e-07,1,1,1,1
SOG,ti2,h,1,0.311544,0.37,0.842011,3.11544,3.7,0.408217,0.209842,0.606593,4.1588,0.318,0.0004,1,1,1,1
SOG,deformation,i,0,0.140257,0.145,0.96729,1.40257,1.45,0.552179,0.363436,0.740922,5.9125,0.535,5e-06,1,1,1,1
SOG,magnitude_pv,j,1,0.432162,0.45,0.96036,4.32162,4.5,0.70262,0.455799,0.949441,5.7531,0.901,2e-09,1,1,1,1
SOG,vorticity_squared,k,0,0.102857,0.08,1.28571,1.02857,0.8,0.730608,0.506569,0.954647,6.5906,0.694,5e-07,1,1,1,1
SOG,temperature_gradient,l,0,0.364494,0.4,0.911235,3.64494,4,0.413827,0.254151,0.573504,5.2378,0.395,6e-06,1,1,1,1
SOG,wind_speed,m,0,0.050252,0.05,1.00504,0.50252,0.5,1.00915,0.082296,1.936,2.2004,1.022,0.03,1,1,1,1
SOG,endlich,n,1,0.106156,0.23,0.461548,1.06156,2.3,0.57636,0.370413,0.782306,5.656,0.363,3e-05,0,1,1,1
SOG,ngm1,o,0,0.185521,0.21,0.883433,1.85521,2.1,0.786177,0.410179,1.16217,4.2257,0.776,0.0002,1,1,1,1
SOG,ngm2,p,1,0.029125,0.051,0.571078,0.29125,0.51,0.370525,0.116876,0.624174,2.9522,0.42,0.001,1,1,1,1
SOG,ubf,q,0,0.010366,0.135,0.0767852,0.10366,1.35,0.184738,-0.05514,0.424616,1.5564,0.437,9e-05,0,0,1,0
SOG,horizontal_divergence,r,0,0.109447,0.117,0.935444,1.09447,1.17,0.064718,-0.070983,0.200419,0.9639,0.081,0.2,1,0,0,1
SOG,ncsu1,s,1,0.09265,0.036,2.57361,0.9265,0.36,0.472314,0.212317,0.732311,3.6714,0.097,0.5,0,1,0,0
SOG,nva,t,0,0.184399,0.19,0.970521,1.84399,1.9,0.351751,0.139226,0.564277,3.345,0.358,0.002,1,1,1,1
SOG,rva_magnitude,u,0,0.190466,0.2,0.95233,1.90466,2,0.338141,0.11041,0.565872,3.0008,0.348,0.004,1,1,1,1
