diagnostic,severity,global_pct,density_90S-60S,density_60S-30S,density_30S-0,density_0-30N,density_30N-60N,density_60N-90N,nh_sh_ratio
brown1,light,3,0.899564,1.5584,0.521368,0.583051,1.91233,0.426291,1.10612
brown1,moderate,0.4,0.490998,1.43861,0.634301,0.747305,1.86671,0.249849,1.20285
brown1,severe,0.1,0.532405,1.33804,0.677244,0.840832,1.74245,0.313214,1.227
brown2,light,3,0.659341,1.89387,0.417301,0.391919,1.92425,0.816109,1.02288
brown2,moderate,0.4,0.580998,2.01557,0.265115,0.233784,2.32902,0.613581,1.1142
brown2,severe,0.1,0.596783,2.02065,0.202813,0.173315,2.49879,0.577718,1.17703
colson_panofsky,light,3,0.00424218,0.0772378,1.79713,2.05854,0.11799,0.000273663,1.14125
colson_panofsky,moderate,0.4,0.00314372,0.123691,1.87265,1.93917,0.131812,0.000949883,1.01561
colson_panofsky,severe,0.1,0.00511529,0.154411,1.88798,1.88703,0.150362,0.00196068,0.974164
deformation,light,3,0.496954,1.35194,0.748407,0.85009,1.64167,0.286652,1.13983
deformation,moderate,0.4,0.475324,1.32262,0.726963,0.875872,1.68195,0.261666,1.19778
deformation,severe,0.1,0.593159,1.24452,0.733356,0.923913,1.61045,0.349481,1.22177
endlich,light,3,0.292204,1.41077,1.06361,0.964682,1.11356,0.172677,0.835723
endlich,moderate,0.4,0.216783,1.50535,1.01879,0.8975,1.21853,0.120726,0.830234
endlich,severe,0.1,0.235005,1.53209,1.04596,0.797417,1.2815,0.129629,0.786565
f2d,light,3,0.0216962,0.19168,1.68489,1.98141,0.25492,0.00271403,1.173
f2d,moderate,0.4,0.0131129,0.128148,1.69685,2.05391,0.207023,0.00021966,1.21926
f2d,severe,0.1,0.0138902,0.0940595,1.74305,2.07563,0.148182,2.95584e-05,1.19351
horizontal_divergence,light,3,0.430182,1.0296,1.0214,1.11982,1.23485,0.319758,1.11482
horizontal_divergence,moderate,0.4,0.666392,1.00549,0.956447,1.06581,1.29961,0.417031,1.13815
horizontal_divergence,severe,0.1,1.0428,0.915818,0.889353,1.08052,1.25178,0.612815,1.17687
magnitude_pv,light,3,3.40054,1.30098,0.00253327,0.00339166,1.50962,3.82217,1.15449
magnitude_pv,moderate,0.4,2.20105,1.14943,0.00376654,0.00503945,2.1341,3.7054,1.80046
magnitude_pv,severe,0.1,1.93107,1.07047,0.00483386,0.00609469,2.49626,3.19308,2.07697
ncsu1,light,3,0.262616,1.00898,1.02817,1.34897,1.06114,0.138303,1.17419
ncsu1,moderate,0.4,0.266682,1.24865,0.929232,1.23663,1.11701,0.116659,1.08819
ncsu1,severe,0.1,0.319531,1.30032,0.97547,1.21956,0.984359,0.177375,0.98698
negative_richardson,light,3,0.0104454,0.206832,1.74686,1.93992,0.214988,0.00561818,1.08822
negative_richardson,moderate,0.4,0.00421409,0.0727605,1.87163,2.00028,0.10041,0.000288945,1.05964
negative_richardson,severe,0.1,0.0103316,0.0547353,1.87009,2.02126,0.0896908,0.000124093,1.08056
ngm1,light,3,0.370218,2.14331,0.400858,0.369515,2.06273,0.193777,0.937388
ngm1,moderate,0.4,0.364526,2.32717,0.228698,0.177075,2.37005,0.21733,0.974978
ngm1,severe,0.1,0.460015,2.42554,0.167782,0.113473,2.36986,0.318856,0.940158
ngm2,light,3,0.10233,0.403382,1.45251,1.76268,0.62423,0.0178559,1.24857
ngm2,moderate,0.4,0.118528,0.398721,1.3619,1.84532,0.622656,0.0478722,1.36977
ngm2,severe,0.1,0.228585,0.396633,1.27742,1.86968,0.627168,0.155354,1.45379
nva,light,3,0.49454,1.55633,0.755541,0.785179,1.5068,0.316668,0.973996
nva,moderate,0.4,0.597727,1.81689,0.621541,0.52561,1.73696,0.34273,0.896979
nva,severe,0.1,0.821033,1.93057,0.558515,0.370903,1.77574,0.51652,0.828837
rva_magnitude,light,3,0.497801,1.63748,0.666977,0.725164,1.63069,0.307502,1.00269
rva_magnitude,moderate,0.4,0.636936,1.83279,0.535906,0.485297,1.85347,0.410865,0.956421
rva_magnitude,severe,0.1,0.99418,1.84997,0.472521,0.353749,1.84327,0.762407,0.915637
temperature_gradient,light,3,1.15834,1.86996,0.0840376,0.0695544,2.30918,1.77144,1.2756
temperature_gradient,moderate,0.4,1.14409,1.64474,0.0572893,0.0447457,2.60739,1.77543,1.55963
temperature_gradient,severe,0.1,1.41976,1.52345,0.0565425,0.0401614,2.62201,1.81222,1.58624
ti1,light,3,0.557235,1.7408,0.559663,0.558851,1.79432,0.538327,1.01924
ti1,moderate,0.4,0.581534,1.895,0.374071,0.366539,2.15953,0.504556,1.09085
ti1,severe,0.1,0.696026,1.87166,0.312606,0.293803,2.30407,0.559289,1.14509
ti2,light,3,0.552687,1.65171,0.634603,0.615264,1.70351,0.544124,1.0101
ti2,moderate,0.4,0.673565,1.83904,0.410237,0.368032,2.106,0.571373,1.06943
ti2,severe,0.1,0.899746,1.75196,0.315222,0.278554,2.32037,0.685065,1.18096
ubf,light,3,1.48942,0.931292,0.470242,0.555987,2.00968,1.56671,1.58537
ubf,moderate,0.4,2.93062,0.809113,0.344199,0.386626,1.75329,2.26914,1.33364
ubf,severe,0.1,4.66637,0.666308,0.278307,0.255114,1.00742,3.70422,0.994904
vertical_wind_shear,light,3,0.450848,1.68447,0.666279,0.631435,1.5962,0.67008,0.978198
vertical_wind_shear,moderate,0.4,0.374689,2.01984,0.395439,0.338447,2.11776,0.508932,1.0268
vertical_wind_shear,severe,0.1,0.352161,2.17958,0.199356,0.158646,2.51473,0.412485,1.12136
vorticity_squared,light,3,0.465009,1.36736,0.734644,0.810107,1.71159,0.285487,1.15272
vorticity_squared,moderate,0.4,0.150075,1.09781,0.894998,1.07321,1.59108,0.0836982,1.30237
vorticity_squared,severe,0.1,0.219854,0.976448,0.924754,1.15415,1.50371,0.170613,1.35754
wind_speed,light,3,0.0981248,2.08733,0.469195,0.464427,2.048,0.0484807,0.980497
wind_speed,moderate,0.4,0.0168366,1.55917,0.155204,0.144626,3.47739,0.0207948,2.0805
wind_speed,severe,0.1,0.00554257,1.05922,0.0316786,0.0110582,4.33693,0.00115371,3.9576
